window_idx,t_window_end_s,var_norm,p2p_norm,class
0,0.703157,0.000000e+00,0.000000e+00,4
1,1.409011,0.000000e+00,0.000000e+00,4
2,2.114765,0.000000e+00,0.000000e+00,4
3,2.820549,0.000000e+00,0.000000e+00,4
4,3.526317,0.000000e+00,0.000000e+00,4
5,4.232082,0.000000e+00,0.000000e+00,4
6,4.937819,0.000000e+00,0.000000e+00,4
7,5.643623,0.000000e+00,0.000000e+00,4
8,6.349374,0.000000e+00,0.000000e+00,4
9,7.055161,0.000000e+00,0.000000e+00,0
10,7.760954,0.000000e+00,0.000000e+00,0
11,8.466770,0.000000e+00,0.000000e+00,0
12,9.172562,0.000000e+00,0.000000e+00,0
13,9.878354,0.000000e+00,0.000000e+00,0
14,10.584160,0.000000e+00,0.000000e+00,4
15,11.289986,0.000000e+00,0.000000e+00,4
16,11.995767,0.000000e+00,0.000000e+00,4
17,12.701499,0.000000e+00,0.000000e+00,4
18,13.407266,0.000000e+00,0.000000e+00,4
19,14.113011,0.000000e+00,0.000000e+00,4
20,14.818764,0.000000e+00,0.000000e+00,4
21,15.524629,0.000000e+00,0.000000e+00,4
22,16.230400,0.000000e+00,0.000000e+00,0
23,16.936191,0.000000e+00,0.000000e+00,0
24,17.641987,0.000000e+00,0.000000e+00,0
25,18.347787,0.000000e+00,0.000000e+00,0
26,19.053611,0.000000e+00,0.000000e+00,0
27,19.759378,0.000000e+00,0.000000e+00,0
28,20.465183,0.000000e+00,0.000000e+00,4
29,21.170998,0.000000e+00,0.000000e+00,4
30,21.876821,0.000000e+00,0.000000e+00,4
31,22.582620,0.000000e+00,0.000000e+00,4
32,23.288439,0.000000e+00,0.000000e+00,4
33,23.994209,0.000000e+00,0.000000e+00,4
34,24.699924,0.000000e+00,0.000000e+00,4
35,25.405641,0.000000e+00,0.000000e+00,4
36,26.111348,0.000000e+00,0.000000e+00,4
37,26.817040,0.000000e+00,0.000000e+00,0
38,27.522751,0.000000e+00,0.000000e+00,0
39,28.228465,0.000000e+00,0.000000e+00,0
40,28.934208,0.000000e+00,0.000000e+00,0
41,29.639900,0.000000e+00,0.000000e+00,0
42,30.345573,0.000000e+00,0.000000e+00,4
43,31.051271,0.000000e+00,0.000000e+00,4
44,31.757003,0.000000e+00,0.000000e+00,4
45,32.462750,0.000000e+00,0.000000e+00,4
46,33.168497,0.000000e+00,0.000000e+00,4
47,33.874308,0.000000e+00,0.000000e+00,4
48,34.580086,0.000000e+00,0.000000e+00,4
49,35.285860,0.000000e+00,0.000000e+00,4
50,35.991629,0.000000e+00,0.000000e+00,4
51,36.697400,0.000000e+00,0.000000e+00,0
52,37.403414,0.000000e+00,0.000000e+00,0
53,38.109389,0.000000e+00,0.000000e+00,0
54,38.815204,0.000000e+00,0.000000e+00,0
55,39.520996,0.000000e+00,0.000000e+00,0
56,40.226802,0.000000e+00,0.000000e+00,4
57,40.932601,0.000000e+00,0.000000e+00,4
58,41.638399,0.000000e+00,0.000000e+00,4
59,42.344228,0.000000e+00,0.000000e+00,4
60,43.050041,0.000000e+00,0.000000e+00,4
61,43.756114,0.000000e+00,0.000000e+00,4
62,44.461650,0.000000e+00,0.000000e+00,4
63,45.167541,0.000000e+00,0.000000e+00,4
64,45.873524,0.000000e+00,0.000000e+00,4
65,46.579520,0.000000e+00,0.000000e+00,0
66,47.285487,0.000000e+00,0.000000e+00,0
67,47.991389,0.000000e+00,0.000000e+00,0
68,48.697171,0.000000e+00,0.000000e+00,0
69,49.402945,0.000000e+00,0.000000e+00,0
70,50.108710,0.000000e+00,0.000000e+00,0
71,50.814471,0.000000e+00,0.000000e+00,4
72,51.520291,0.000000e+00,0.000000e+00,4
73,52.226108,0.000000e+00,0.000000e+00,4
74,52.931916,0.000000e+00,0.000000e+00,4
75,53.637748,0.000000e+00,0.000000e+00,4
76,54.343522,0.000000e+00,0.000000e+00,4
77,55.049306,0.000000e+00,0.000000e+00,4
78,55.755097,0.000000e+00,0.000000e+00,4
79,56.460902,0.000000e+00,0.000000e+00,4
80,57.166688,0.000000e+00,0.000000e+00,0
81,57.872474,0.000000e+00,0.000000e+00,0
82,58.578242,0.000000e+00,0.000000e+00,0
83,59.283954,0.000000e+00,0.000000e+00,0
84,59.989732,0.000000e+00,0.000000e+00,0
85,60.695468,0.000000e+00,0.000000e+00,4
86,61.401478,0.000000e+00,0.000000e+00,4
87,62.107332,0.000000e+00,0.000000e+00,4
88,62.813130,0.000000e+00,0.000000e+00,4
89,63.518911,0.000000e+00,0.000000e+00,4
90,64.224727,0.000000e+00,0.000000e+00,4
91,64.930727,0.000000e+00,0.000000e+00,4
92,65.636273,0.000000e+00,0.000000e+00,4
93,66.342052,0.000000e+00,0.000000e+00,4
94,67.047819,0.000000e+00,0.000000e+00,0
95,67.753628,0.000000e+00,0.000000e+00,0
96,68.459590,0.000000e+00,0.000000e+00,0
97,69.165416,0.000000e+00,0.000000e+00,0
98,69.871203,0.000000e+00,0.000000e+00,0
99,70.577016,0.000000e+00,0.000000e+00,4
100,71.282839,0.000000e+00,0.000000e+00,4
101,71.988655,0.000000e+00,0.000000e+00,4
102,72.694472,0.000000e+00,0.000000e+00,4
103,73.400271,0.000000e+00,0.000000e+00,4
104,74.106065,0.000000e+00,0.000000e+00,4
105,74.811852,0.000000e+00,0.000000e+00,4
106,75.517675,0.000000e+00,0.000000e+00,4
107,76.223471,0.000000e+00,0.000000e+00,4
108,76.929483,0.000000e+00,0.000000e+00,4
109,77.635625,0.000000e+00,0.000000e+00,0
110,78.341469,0.000000e+00,0.000000e+00,0
111,79.047293,0.000000e+00,0.000000e+00,0
112,79.753076,0.000000e+00,0.000000e+00,0
113,80.458847,0.000000e+00,0.000000e+00,4
114,81.164664,0.000000e+00,0.000000e+00,4
115,81.870483,0.000000e+00,0.000000e+00,4
116,82.576311,0.000000e+00,0.000000e+00,4
117,83.282143,0.000000e+00,0.000000e+00,4
118,83.987990,0.000000e+00,0.000000e+00,4
119,84.693762,0.000000e+00,0.000000e+00,4
120,85.399510,0.000000e+00,0.000000e+00,4
121,86.105258,0.000000e+00,0.000000e+00,4
122,86.811480,0.000000e+00,0.000000e+00,0
123,87.517142,0.000000e+00,0.000000e+00,0
124,88.223010,0.000000e+00,0.000000e+00,0
125,88.928811,0.000000e+00,0.000000e+00,0
126,89.634606,0.000000e+00,0.000000e+00,0
127,90.340419,0.000000e+00,0.000000e+00,4
128,91.046258,0.000000e+00,0.000000e+00,4
129,91.752088,0.000000e+00,0.000000e+00,4
130,92.457898,0.000000e+00,0.000000e+00,4
131,93.163763,0.000000e+00,0.000000e+00,4
132,93.869606,0.000000e+00,0.000000e+00,4
133,94.584301,0.000000e+00,0.000000e+00,4
134,95.281176,0.000000e+00,0.000000e+00,4
135,95.986972,0.000000e+00,0.000000e+00,4
136,96.693102,0.000000e+00,0.000000e+00,4
137,97.398526,0.000000e+00,0.000000e+00,0
138,98.104307,0.000000e+00,0.000000e+00,0
139,98.810127,0.000000e+00,0.000000e+00,0
140,99.515950,0.000000e+00,0.000000e+00,4
141,100.221778,0.000000e+00,0.000000e+00,4
142,100.927584,0.000000e+00,0.000000e+00,4
143,101.633417,0.000000e+00,0.000000e+00,4
144,102.339227,0.000000e+00,0.000000e+00,4
145,103.045055,0.000000e+00,0.000000e+00,4
146,103.750872,0.000000e+00,0.000000e+00,4
147,104.456686,0.000000e+00,0.000000e+00,4
148,105.162511,0.000000e+00,0.000000e+00,4
149,105.868366,0.000000e+00,0.000000e+00,4
150,106.574252,0.000000e+00,0.000000e+00,0
151,107.280162,0.000000e+00,0.000000e+00,0
152,107.986064,0.000000e+00,0.000000e+00,0
153,108.691910,0.000000e+00,0.000000e+00,0
154,109.397752,0.000000e+00,0.000000e+00,0
155,110.103563,0.000000e+00,0.000000e+00,0
156,110.809385,0.000000e+00,0.000000e+00,4
157,111.515225,0.000000e+00,0.000000e+00,4
158,112.221059,0.000000e+00,0.000000e+00,4
159,112.926931,0.000000e+00,0.000000e+00,4
160,113.632960,0.000000e+00,0.000000e+00,4
161,114.339039,0.000000e+00,0.000000e+00,4
162,115.045006,0.000000e+00,0.000000e+00,4
163,115.750792,0.000000e+00,0.000000e+00,4
164,116.456614,0.000000e+00,0.000000e+00,0
165,117.162454,0.000000e+00,0.000000e+00,0
166,117.868215,0.000000e+00,0.000000e+00,0
167,118.573948,0.000000e+00,0.000000e+00,0
168,119.279722,0.000000e+00,0.000000e+00,0
169,119.985571,0.000000e+00,0.000000e+00,0
170,120.691331,0.000000e+00,0.000000e+00,4
171,121.397159,0.000000e+00,0.000000e+00,4
172,122.102980,0.000000e+00,0.000000e+00,4
173,122.808823,0.000000e+00,0.000000e+00,4
174,123.514684,0.000000e+00,0.000000e+00,4
175,124.220511,0.000000e+00,0.000000e+00,4
176,124.926336,0.000000e+00,0.000000e+00,4
177,125.632177,0.000000e+00,0.000000e+00,4
178,126.338023,0.000000e+00,0.000000e+00,4
179,127.043832,0.000000e+00,0.000000e+00,0
180,127.749637,0.000000e+00,0.000000e+00,0
181,128.455456,0.000000e+00,0.000000e+00,0
182,129.161220,0.000000e+00,0.000000e+00,0
183,129.867016,0.000000e+00,0.000000e+00,0
184,130.572852,0.000000e+00,0.000000e+00,4
185,131.278663,0.000000e+00,0.000000e+00,4
186,131.984752,0.000000e+00,0.000000e+00,4
187,132.690559,0.000000e+00,0.000000e+00,4
188,133.396363,0.000000e+00,0.000000e+00,4
189,134.102157,0.000000e+00,0.000000e+00,4
190,134.807904,0.000000e+00,0.000000e+00,4
191,135.513714,0.000000e+00,0.000000e+00,4
192,136.219512,0.000000e+00,0.000000e+00,4
193,136.925337,0.000000e+00,0.000000e+00,0
194,137.631187,0.000000e+00,0.000000e+00,0
195,138.337068,0.000000e+00,0.000000e+00,0
196,139.042943,0.000000e+00,0.000000e+00,0
197,139.749031,0.000000e+00,0.000000e+00,0
198,140.455448,0.000000e+00,0.000000e+00,4
199,141.161162,0.000000e+00,0.000000e+00,4
200,141.867228,0.000000e+00,0.000000e+00,4
201,142.573273,0.000000e+00,0.000000e+00,4
202,143.279237,0.000000e+00,0.000000e+00,4
203,143.985093,0.000000e+00,0.000000e+00,4
204,144.690895,0.000000e+00,0.000000e+00,4
205,145.396671,0.000000e+00,0.000000e+00,4
206,146.102411,0.000000e+00,0.000000e+00,4
207,146.808206,0.000000e+00,0.000000e+00,0
208,147.514017,0.000000e+00,0.000000e+00,0
209,148.219783,0.000000e+00,0.000000e+00,0
210,148.925610,0.000000e+00,0.000000e+00,0
211,149.631441,0.000000e+00,0.000000e+00,0
212,150.337268,0.000000e+00,0.000000e+00,4
213,151.043154,0.000000e+00,0.000000e+00,4
214,151.749204,0.000000e+00,0.000000e+00,4
215,152.455204,0.000000e+00,0.000000e+00,4
216,153.161005,0.000000e+00,0.000000e+00,4
217,153.866793,0.000000e+00,0.000000e+00,4
218,154.572621,0.000000e+00,0.000000e+00,4
219,155.278472,0.000000e+00,0.000000e+00,4
220,155.984288,0.000000e+00,0.000000e+00,4
221,156.690151,0.000000e+00,0.000000e+00,4
222,157.396088,0.000000e+00,0.000000e+00,0
223,158.101934,0.000000e+00,0.000000e+00,0
224,158.807797,0.000000e+00,0.000000e+00,0
225,159.513666,0.000000e+00,0.000000e+00,0
226,160.219506,0.000000e+00,0.000000e+00,4
227,160.925494,0.000000e+00,0.000000e+00,4
228,161.631400,0.000000e+00,0.000000e+00,4
229,162.337324,0.000000e+00,0.000000e+00,4
230,163.043073,0.000000e+00,0.000000e+00,4
231,163.748872,0.000000e+00,0.000000e+00,4
232,164.454730,0.000000e+00,0.000000e+00,4
233,165.160535,0.000000e+00,0.000000e+00,4
234,165.866358,0.000000e+00,0.000000e+00,4
235,166.572204,0.000000e+00,0.000000e+00,0
236,167.278061,0.000000e+00,0.000000e+00,0
237,167.983826,0.000000e+00,0.000000e+00,0
238,168.689634,0.000000e+00,0.000000e+00,0
239,169.395447,0.000000e+00,0.000000e+00,0
240,170.101268,0.000000e+00,0.000000e+00,0
241,170.807104,0.000000e+00,0.000000e+00,4
242,171.512969,0.000000e+00,0.000000e+00,4
243,172.218819,0.000000e+00,0.000000e+00,4
244,172.924626,0.000000e+00,0.000000e+00,4
245,173.630478,0.000000e+00,0.000000e+00,4
246,174.336329,0.000000e+00,0.000000e+00,4
247,175.042177,0.000000e+00,0.000000e+00,4
248,175.748011,0.000000e+00,0.000000e+00,4
249,176.453825,0.000000e+00,0.000000e+00,4
250,177.159627,0.000000e+00,0.000000e+00,0
251,177.865453,0.000000e+00,0.000000e+00,0
252,178.571268,0.000000e+00,0.000000e+00,0
253,179.276993,0.000000e+00,0.000000e+00,0
254,179.982744,0.000000e+00,0.000000e+00,0
255,180.688542,0.000000e+00,0.000000e+00,4
256,181.394354,0.000000e+00,0.000000e+00,4
257,182.100099,0.000000e+00,0.000000e+00,4
258,182.805944,0.000000e+00,0.000000e+00,4
259,183.511758,0.000000e+00,0.000000e+00,4
260,184.217602,0.000000e+00,0.000000e+00,4
261,184.923387,0.000000e+00,0.000000e+00,4
262,185.629159,0.000000e+00,0.000000e+00,4
263,186.335241,0.000000e+00,0.000000e+00,4
264,187.040773,0.000000e+00,0.000000e+00,0
265,187.746607,0.000000e+00,0.000000e+00,4
266,188.452444,0.000000e+00,0.000000e+00,0
267,189.158289,0.000000e+00,0.000000e+00,0
268,189.864233,0.000000e+00,0.000000e+00,0
269,190.570327,0.000000e+00,0.000000e+00,4
270,191.276381,0.000000e+00,0.000000e+00,4
271,191.982234,0.000000e+00,0.000000e+00,4
272,192.688041,0.000000e+00,0.000000e+00,4
273,193.393911,0.000000e+00,0.000000e+00,4
274,194.099959,0.000000e+00,0.000000e+00,4
275,194.805992,0.000000e+00,0.000000e+00,4
276,195.511977,0.000000e+00,0.000000e+00,4
277,196.217787,0.000000e+00,0.000000e+00,4
278,196.923548,0.000000e+00,0.000000e+00,0
279,197.629313,0.000000e+00,0.000000e+00,0
280,198.335057,0.000000e+00,0.000000e+00,0
281,199.040854,0.000000e+00,0.000000e+00,0
282,199.746713,0.000000e+00,0.000000e+00,0
283,200.452594,0.000000e+00,0.000000e+00,4
284,201.158459,0.000000e+00,0.000000e+00,4
285,201.864290,0.000000e+00,0.000000e+00,4
286,202.570133,0.000000e+00,0.000000e+00,4
287,203.276207,0.000000e+00,0.000000e+00,4
288,203.981849,0.000000e+00,0.000000e+00,4
289,204.687662,0.000000e+00,0.000000e+00,4
290,205.393515,0.000000e+00,0.000000e+00,4
291,206.099376,0.000000e+00,0.000000e+00,4
292,206.805182,0.000000e+00,0.000000e+00,0
293,207.511001,0.000000e+00,0.000000e+00,0
294,208.216803,0.000000e+00,0.000000e+00,0
295,208.922624,0.000000e+00,0.000000e+00,0
296,209.628458,0.000000e+00,0.000000e+00,0
297,210.334302,0.000000e+00,0.000000e+00,4
298,211.040155,0.000000e+00,0.000000e+00,4
299,211.746050,0.000000e+00,0.000000e+00,4
300,212.451938,0.000000e+00,0.000000e+00,4
301,213.157996,0.000000e+00,0.000000e+00,4
302,213.863957,0.000000e+00,0.000000e+00,4
303,214.569866,0.000000e+00,0.000000e+00,4
304,215.275732,0.000000e+00,0.000000e+00,4
305,215.981568,0.000000e+00,0.000000e+00,4
306,216.687405,0.000000e+00,0.000000e+00,0
307,217.393249,0.000000e+00,0.000000e+00,0
308,218.099045,0.000000e+00,0.000000e+00,0
309,218.804829,0.000000e+00,0.000000e+00,0
310,219.510615,0.000000e+00,0.000000e+00,0
311,220.216431,0.000000e+00,0.000000e+00,4
312,220.922300,0.000000e+00,0.000000e+00,4
313,221.628175,0.000000e+00,0.000000e+00,4
314,222.334006,0.000000e+00,0.000000e+00,4
315,223.039819,0.000000e+00,0.000000e+00,4
316,223.745620,0.000000e+00,0.000000e+00,4
317,224.451410,0.000000e+00,0.000000e+00,4
318,225.157223,0.000000e+00,0.000000e+00,4
319,225.863056,0.000000e+00,0.000000e+00,4
320,226.568855,0.000000e+00,0.000000e+00,0
321,227.274644,0.000000e+00,0.000000e+00,0
322,227.980455,0.000000e+00,0.000000e+00,0
323,228.686260,0.000000e+00,0.000000e+00,0
324,229.392033,0.000000e+00,0.000000e+00,0
325,230.097846,0.000000e+00,0.000000e+00,0
326,230.803653,0.000000e+00,0.000000e+00,4
327,231.509424,0.000000e+00,0.000000e+00,4
328,232.215411,0.000000e+00,0.000000e+00,4
329,232.921445,0.000000e+00,0.000000e+00,4
330,233.627458,0.000000e+00,0.000000e+00,4
331,234.333241,0.000000e+00,0.000000e+00,4
332,235.039045,0.000000e+00,0.000000e+00,4
333,235.744815,0.000000e+00,0.000000e+00,4
334,236.450655,0.000000e+00,0.000000e+00,4
335,237.156411,0.000000e+00,0.000000e+00,0
336,237.862201,0.000000e+00,0.000000e+00,0
337,238.568009,0.000000e+00,0.000000e+00,0
338,239.273744,0.000000e+00,0.000000e+00,0
339,239.979507,0.000000e+00,0.000000e+00,0
340,240.685308,0.000000e+00,0.000000e+00,4
341,241.391130,0.000000e+00,0.000000e+00,4
342,242.096900,0.000000e+00,0.000000e+00,4
343,242.802671,0.000000e+00,0.000000e+00,4
344,243.525635,0.000000e+00,0.000000e+00,4
345,244.214189,0.000000e+00,0.000000e+00,4
346,244.920117,0.000000e+00,0.000000e+00,4
347,245.625780,0.000000e+00,0.000000e+00,4
348,246.331538,0.000000e+00,0.000000e+00,4
349,247.037285,0.000000e+00,0.000000e+00,0
350,247.743005,0.000000e+00,0.000000e+00,0
351,248.448765,0.000000e+00,0.000000e+00,0
352,249.154513,0.000000e+00,0.000000e+00,0
353,249.860251,0.000000e+00,0.000000e+00,0
354,250.566236,0.000000e+00,0.000000e+00,4
355,251.272536,0.000000e+00,0.000000e+00,4
356,251.978151,0.000000e+00,0.000000e+00,4
357,252.683877,0.000000e+00,0.000000e+00,4
358,253.389667,0.000000e+00,0.000000e+00,4
359,254.095581,0.000000e+00,0.000000e+00,4
360,254.801536,0.000000e+00,0.000000e+00,4
361,255.507305,0.000000e+00,0.000000e+00,4
362,256.213024,0.000000e+00,0.000000e+00,4
363,256.918785,0.000000e+00,0.000000e+00,0
364,257.624546,0.000000e+00,0.000000e+00,0
365,258.330261,0.000000e+00,0.000000e+00,0
366,259.035973,0.000000e+00,0.000000e+00,0
367,259.741661,0.000000e+00,0.000000e+00,0
368,260.447404,0.000000e+00,0.000000e+00,4
369,261.153156,0.000000e+00,0.000000e+00,4
370,261.858912,0.000000e+00,0.000000e+00,4
371,262.564633,0.000000e+00,0.000000e+00,4
372,263.270335,0.000000e+00,0.000000e+00,4
373,263.975993,0.000000e+00,0.000000e+00,4
374,264.681682,0.000000e+00,0.000000e+00,4
375,265.387426,0.000000e+00,0.000000e+00,4
376,266.093089,0.000000e+00,0.000000e+00,4
377,266.798795,0.000000e+00,0.000000e+00,0
378,267.504553,0.000000e+00,0.000000e+00,0
379,268.210246,0.000000e+00,0.000000e+00,0
380,268.916299,0.000000e+00,0.000000e+00,0
381,269.621637,0.000000e+00,0.000000e+00,0
382,270.327364,0.000000e+00,0.000000e+00,4
383,271.033094,0.000000e+00,0.000000e+00,4
384,271.738826,0.000000e+00,0.000000e+00,4
385,272.444524,0.000000e+00,0.000000e+00,4
386,273.150255,0.000000e+00,0.000000e+00,4
387,273.856011,0.000000e+00,0.000000e+00,4
388,274.561712,0.000000e+00,0.000000e+00,4
389,275.267478,0.000000e+00,0.000000e+00,4
390,275.973233,0.000000e+00,0.000000e+00,4
391,276.678965,0.000000e+00,0.000000e+00,0
392,277.384761,0.000000e+00,0.000000e+00,0
393,278.090535,0.000000e+00,0.000000e+00,0
394,278.796322,0.000000e+00,0.000000e+00,0
395,279.502153,0.000000e+00,0.000000e+00,0
396,280.207987,0.000000e+00,0.000000e+00,0
397,280.913809,0.000000e+00,0.000000e+00,4
398,281.619581,0.000000e+00,0.000000e+00,4
399,282.325338,0.000000e+00,0.000000e+00,4
400,283.031128,0.000000e+00,0.000000e+00,4
401,283.736865,0.000000e+00,0.000000e+00,4
402,284.442610,0.000000e+00,0.000000e+00,4
403,285.148324,0.000000e+00,0.000000e+00,4
404,285.854050,0.000000e+00,0.000000e+00,4
405,286.559786,0.000000e+00,0.000000e+00,0
406,287.265466,0.000000e+00,0.000000e+00,0
407,287.971181,0.000000e+00,0.000000e+00,0
408,288.676923,0.000000e+00,0.000000e+00,0
409,289.382663,0.000000e+00,0.000000e+00,0
410,290.088408,0.000000e+00,0.000000e+00,0
411,290.794196,0.000000e+00,0.000000e+00,4
412,291.500029,0.000000e+00,0.000000e+00,4
413,292.205873,0.000000e+00,0.000000e+00,4
414,292.911626,0.000000e+00,0.000000e+00,4
415,293.617451,0.000000e+00,0.000000e+00,4
416,294.323283,0.000000e+00,0.000000e+00,4
417,295.029107,0.000000e+00,0.000000e+00,4
418,295.734921,0.000000e+00,0.000000e+00,4
419,296.440692,0.000000e+00,0.000000e+00,4
420,297.146487,0.000000e+00,0.000000e+00,0
421,297.852266,0.000000e+00,0.000000e+00,0
422,298.558066,0.000000e+00,0.000000e+00,0
423,299.263814,0.000000e+00,0.000000e+00,0
424,299.969603,0.000000e+00,0.000000e+00,0
425,300.675407,0.000000e+00,0.000000e+00,4
426,301.381264,0.000000e+00,0.000000e+00,4
427,302.087082,0.000000e+00,0.000000e+00,4
428,302.792943,0.000000e+00,0.000000e+00,4
429,303.498787,0.000000e+00,0.000000e+00,4
430,304.204601,0.000000e+00,0.000000e+00,4
431,304.910432,0.000000e+00,0.000000e+00,4
432,305.616222,0.000000e+00,0.000000e+00,4
433,306.322017,0.000000e+00,0.000000e+00,4
434,307.027757,0.000000e+00,0.000000e+00,0
435,307.733506,0.000000e+00,0.000000e+00,0
436,308.439244,0.000000e+00,0.000000e+00,0
437,309.145042,0.000000e+00,0.000000e+00,0
438,309.851067,0.000000e+00,0.000000e+00,0
439,310.556926,0.000000e+00,0.000000e+00,4
440,311.262789,0.000000e+00,0.000000e+00,4
441,311.968629,0.000000e+00,0.000000e+00,4
442,312.674483,0.000000e+00,0.000000e+00,4
443,313.380285,0.000000e+00,0.000000e+00,4
444,314.086092,0.000000e+00,0.000000e+00,4
445,314.791908,0.000000e+00,0.000000e+00,4
446,315.497698,0.000000e+00,0.000000e+00,4
447,316.203531,0.000000e+00,0.000000e+00,4
448,316.909349,0.000000e+00,0.000000e+00,0
449,317.615118,0.000000e+00,0.000000e+00,0
450,318.321199,0.000000e+00,0.000000e+00,0
451,319.026686,0.000000e+00,0.000000e+00,0
452,319.732445,0.000000e+00,0.000000e+00,0
453,320.438218,0.000000e+00,0.000000e+00,4
454,321.143978,0.000000e+00,0.000000e+00,4
455,321.849774,0.000000e+00,0.000000e+00,4
456,322.555568,0.000000e+00,0.000000e+00,4
457,323.261364,0.000000e+00,0.000000e+00,4
458,323.967141,0.000000e+00,0.000000e+00,4
459,324.672902,0.000000e+00,0.000000e+00,4
460,325.378601,0.000000e+00,0.000000e+00,4
461,326.084371,0.000000e+00,0.000000e+00,4
462,326.790132,0.000000e+00,0.000000e+00,0
463,327.495932,0.000000e+00,0.000000e+00,0
464,328.201699,0.000000e+00,0.000000e+00,0
465,328.907467,0.000000e+00,0.000000e+00,0
466,329.613210,0.000000e+00,0.000000e+00,0
467,330.318975,0.000000e+00,0.000000e+00,4
468,331.024732,0.000000e+00,0.000000e+00,4
469,331.730508,0.000000e+00,0.000000e+00,4
470,332.436314,0.000000e+00,0.000000e+00,4
471,333.142260,0.000000e+00,0.000000e+00,4
472,333.848249,0.000000e+00,0.000000e+00,4
473,334.554197,0.000000e+00,0.000000e+00,4
474,335.260153,0.000000e+00,0.000000e+00,4
475,335.966039,0.000000e+00,0.000000e+00,4
476,336.671800,0.000000e+00,0.000000e+00,4
477,337.377617,0.000000e+00,0.000000e+00,0
478,338.083462,0.000000e+00,0.000000e+00,0
479,338.789280,0.000000e+00,0.000000e+00,0
480,339.495054,0.000000e+00,0.000000e+00,0
481,340.200827,0.000000e+00,0.000000e+00,0
482,340.906631,0.000000e+00,0.000000e+00,4
483,341.612452,0.000000e+00,0.000000e+00,4
484,342.318254,0.000000e+00,0.000000e+00,4
485,343.024062,0.000000e+00,0.000000e+00,4
486,343.729913,0.000000e+00,0.000000e+00,4
487,344.435768,0.000000e+00,0.000000e+00,4
488,345.141587,0.000000e+00,0.000000e+00,4
489,345.847368,0.000000e+00,0.000000e+00,4
490,346.553131,0.000000e+00,0.000000e+00,0
491,347.258848,0.000000e+00,0.000000e+00,0
492,347.964579,0.000000e+00,0.000000e+00,0
493,348.670345,0.000000e+00,0.000000e+00,0
494,349.376112,0.000000e+00,0.000000e+00,0
495,350.081793,0.000000e+00,0.000000e+00,0
496,350.787563,0.000000e+00,0.000000e+00,4
497,351.493327,0.000000e+00,0.000000e+00,4
498,352.199105,0.000000e+00,0.000000e+00,4
499,352.904888,0.000000e+00,0.000000e+00,4
500,353.610600,0.000000e+00,0.000000e+00,4
501,354.316281,0.000000e+00,0.000000e+00,4
502,355.022343,0.000000e+00,0.000000e+00,4
503,355.727755,0.000000e+00,0.000000e+00,4
504,356.433569,0.000000e+00,0.000000e+00,4
505,357.139281,0.000000e+00,0.000000e+00,0
506,357.844974,0.000000e+00,0.000000e+00,4
507,358.550638,0.000000e+00,0.000000e+00,0
508,359.256266,0.000000e+00,0.000000e+00,0
509,359.961936,0.000000e+00,0.000000e+00,0
510,360.667605,0.000000e+00,0.000000e+00,4
511,361.373331,0.000000e+00,0.000000e+00,4
512,362.079023,0.000000e+00,0.000000e+00,4
513,362.784666,0.000000e+00,0.000000e+00,4
514,363.490321,0.000000e+00,0.000000e+00,4
515,364.195948,0.000000e+00,0.000000e+00,4
516,364.901593,0.000000e+00,0.000000e+00,4
517,365.607421,0.000000e+00,0.000000e+00,4
518,366.313032,0.000000e+00,0.000000e+00,4
519,367.018702,0.000000e+00,0.000000e+00,0
520,367.724403,0.000000e+00,0.000000e+00,4
521,368.430074,0.000000e+00,0.000000e+00,4
522,369.135687,0.000000e+00,0.000000e+00,0
523,369.841366,0.000000e+00,0.000000e+00,4
524,370.547021,0.000000e+00,0.000000e+00,4
525,371.252707,0.000000e+00,0.000000e+00,4
526,371.958338,0.000000e+00,0.000000e+00,4
527,372.663983,0.000000e+00,0.000000e+00,4
528,373.369669,0.000000e+00,0.000000e+00,4
529,374.075433,0.000000e+00,0.000000e+00,4
530,374.781568,0.000000e+00,0.000000e+00,4
531,375.487103,0.000000e+00,0.000000e+00,4
532,376.192801,0.000000e+00,0.000000e+00,4
533,376.898493,0.000000e+00,0.000000e+00,0
534,377.604209,0.000000e+00,0.000000e+00,0
535,378.309930,0.000000e+00,0.000000e+00,0
536,379.015616,0.000000e+00,0.000000e+00,0
537,379.721320,0.000000e+00,0.000000e+00,0
538,380.427037,0.000000e+00,0.000000e+00,4
539,381.132728,0.000000e+00,0.000000e+00,4
540,381.838456,0.000000e+00,0.000000e+00,4
541,382.544243,0.000000e+00,0.000000e+00,4
542,383.249991,0.000000e+00,0.000000e+00,4
543,383.955719,0.000000e+00,0.000000e+00,4
544,384.661417,0.000000e+00,0.000000e+00,4
545,385.367120,0.000000e+00,0.000000e+00,4
546,386.072828,0.000000e+00,0.000000e+00,4
547,386.778438,0.000000e+00,0.000000e+00,0
548,387.484079,0.000000e+00,0.000000e+00,0
549,388.189715,0.000000e+00,0.000000e+00,0
550,388.895350,0.000000e+00,0.000000e+00,0
551,389.600938,0.000000e+00,0.000000e+00,0
552,390.306584,0.000000e+00,0.000000e+00,4
553,391.012232,0.000000e+00,0.000000e+00,4
554,391.717864,0.000000e+00,0.000000e+00,4
555,392.423492,0.000000e+00,0.000000e+00,4
556,393.129149,0.000000e+00,0.000000e+00,4
557,393.834813,0.000000e+00,0.000000e+00,4
558,394.540452,0.000000e+00,0.000000e+00,4
559,395.246093,0.000000e+00,0.000000e+00,4
560,395.951739,0.000000e+00,0.000000e+00,4
561,396.657404,0.000000e+00,0.000000e+00,0
562,397.363056,0.000000e+00,0.000000e+00,0
563,398.068705,0.000000e+00,0.000000e+00,0
564,398.774326,0.000000e+00,0.000000e+00,0
565,399.479990,0.000000e+00,0.000000e+00,0
566,400.185697,0.000000e+00,0.000000e+00,0
567,400.891380,0.000000e+00,0.000000e+00,4
568,401.597072,0.000000e+00,0.000000e+00,4
569,402.302770,0.000000e+00,0.000000e+00,4
570,403.008502,0.000000e+00,0.000000e+00,4
571,403.714160,0.000000e+00,0.000000e+00,4
572,404.419837,0.000000e+00,0.000000e+00,4
573,405.125538,0.000000e+00,0.000000e+00,4
574,405.831219,0.000000e+00,0.000000e+00,4
575,406.536872,0.000000e+00,0.000000e+00,4
576,407.242517,0.000000e+00,0.000000e+00,0
577,407.948213,0.000000e+00,0.000000e+00,0
578,408.653907,0.000000e+00,0.000000e+00,0
579,409.359593,0.000000e+00,0.000000e+00,0
580,410.065272,0.000000e+00,0.000000e+00,0
581,410.771019,0.000000e+00,0.000000e+00,4
582,411.476781,0.000000e+00,0.000000e+00,4
583,412.182565,0.000000e+00,0.000000e+00,4
584,412.888276,0.000000e+00,0.000000e+00,4
585,413.593957,0.000000e+00,0.000000e+00,4
586,414.299723,0.000000e+00,0.000000e+00,4
587,415.005472,0.000000e+00,0.000000e+00,4
588,415.711174,0.000000e+00,0.000000e+00,4
589,416.416922,0.000000e+00,0.000000e+00,4
590,417.122661,0.000000e+00,0.000000e+00,0
591,417.828392,0.000000e+00,0.000000e+00,0
592,418.534102,0.000000e+00,0.000000e+00,0
593,419.239837,0.000000e+00,0.000000e+00,0
594,419.945515,0.000000e+00,0.000000e+00,0
595,420.651253,0.000000e+00,0.000000e+00,4
596,421.356939,0.000000e+00,0.000000e+00,4
597,422.062654,0.000000e+00,0.000000e+00,4
598,422.768392,0.000000e+00,0.000000e+00,4
599,423.474125,0.000000e+00,0.000000e+00,4
600,424.179834,0.000000e+00,0.000000e+00,4
601,424.885538,0.000000e+00,0.000000e+00,4
602,425.591244,0.000000e+00,0.000000e+00,4
603,426.296949,0.000000e+00,0.000000e+00,4
604,427.002681,0.000000e+00,0.000000e+00,4
605,427.708547,0.000000e+00,0.000000e+00,0
606,428.414076,0.000000e+00,0.000000e+00,0
607,429.119786,0.000000e+00,0.000000e+00,0
608,429.825511,0.000000e+00,0.000000e+00,0
609,430.531250,0.000000e+00,0.000000e+00,4
610,431.236999,0.000000e+00,0.000000e+00,4
611,431.942733,0.000000e+00,0.000000e+00,4
612,432.648447,0.000000e+00,0.000000e+00,4
613,433.354177,0.000000e+00,0.000000e+00,4
614,434.059907,0.000000e+00,0.000000e+00,4
615,434.765576,0.000000e+00,0.000000e+00,4
616,435.471309,0.000000e+00,0.000000e+00,4
617,436.176988,0.000000e+00,0.000000e+00,4
618,436.882691,0.000000e+00,0.000000e+00,0
619,437.588441,0.000000e+00,0.000000e+00,0
620,438.294219,0.000000e+00,0.000000e+00,0
621,439.000118,0.000000e+00,0.000000e+00,0
622,439.706116,0.000000e+00,0.000000e+00,0
623,440.412109,0.000000e+00,0.000000e+00,4
624,441.118129,0.000000e+00,0.000000e+00,4
625,441.823940,0.000000e+00,0.000000e+00,4
626,442.529702,0.000000e+00,0.000000e+00,4
627,443.235479,0.000000e+00,0.000000e+00,4
628,443.941229,0.000000e+00,0.000000e+00,4
629,444.646935,0.000000e+00,0.000000e+00,4
630,445.352633,0.000000e+00,0.000000e+00,4
631,446.058324,0.000000e+00,0.000000e+00,4
632,446.764029,0.000000e+00,0.000000e+00,0
633,447.469735,0.000000e+00,0.000000e+00,0
634,448.175440,0.000000e+00,0.000000e+00,0
635,448.881159,0.000000e+00,0.000000e+00,0
636,449.586887,0.000000e+00,0.000000e+00,0
637,450.292615,0.000000e+00,0.000000e+00,4
638,450.998423,0.000000e+00,0.000000e+00,4
639,451.704270,0.000000e+00,0.000000e+00,4
640,452.410024,0.000000e+00,0.000000e+00,4
641,453.115721,0.000000e+00,0.000000e+00,4
642,453.821443,0.000000e+00,0.000000e+00,4
643,454.527166,0.000000e+00,0.000000e+00,4
644,455.232858,0.000000e+00,0.000000e+00,4
645,455.938570,0.000000e+00,0.000000e+00,4
646,456.644298,0.000000e+00,0.000000e+00,4
647,457.350020,0.000000e+00,0.000000e+00,0
648,458.055745,0.000000e+00,0.000000e+00,0
649,458.761529,0.000000e+00,0.000000e+00,0
650,459.467311,0.000000e+00,0.000000e+00,4
651,460.173098,0.000000e+00,0.000000e+00,0
652,460.878896,0.000000e+00,0.000000e+00,4
653,461.584695,0.000000e+00,0.000000e+00,4
654,462.290485,0.000000e+00,0.000000e+00,4
655,462.996306,0.000000e+00,0.000000e+00,4
656,463.702091,0.000000e+00,0.000000e+00,4
657,464.407897,0.000000e+00,0.000000e+00,4
658,465.113672,0.000000e+00,0.000000e+00,4
659,465.819415,0.000000e+00,0.000000e+00,4
660,466.525150,0.000000e+00,0.000000e+00,4
661,467.230873,0.000000e+00,0.000000e+00,0
662,467.936677,0.000000e+00,0.000000e+00,0
663,468.642473,0.000000e+00,0.000000e+00,0
664,469.348327,0.000000e+00,0.000000e+00,0
665,470.054303,0.000000e+00,0.000000e+00,0
666,470.760403,0.000000e+00,0.000000e+00,4
667,471.466418,0.000000e+00,0.000000e+00,4
668,472.172215,0.000000e+00,0.000000e+00,4
669,472.878036,0.000000e+00,0.000000e+00,4
670,473.584292,0.000000e+00,0.000000e+00,4
671,474.289908,0.000000e+00,0.000000e+00,4
672,474.995692,0.000000e+00,0.000000e+00,4
673,475.701434,0.000000e+00,0.000000e+00,4
674,476.407189,0.000000e+00,0.000000e+00,4
675,477.112932,0.000000e+00,0.000000e+00,0
676,477.818759,0.000000e+00,0.000000e+00,0
677,478.524696,0.000000e+00,0.000000e+00,0
678,479.230662,0.000000e+00,0.000000e+00,0
679,479.936487,0.000000e+00,0.000000e+00,0
680,480.642315,0.000000e+00,0.000000e+00,4
681,481.348073,0.000000e+00,0.000000e+00,4
682,482.053855,0.000000e+00,0.000000e+00,4
683,482.759603,0.000000e+00,0.000000e+00,4
684,483.465581,0.000000e+00,0.000000e+00,4
685,484.171370,0.000000e+00,0.000000e+00,4
686,484.877165,0.000000e+00,0.000000e+00,4
687,485.582929,0.000000e+00,0.000000e+00,4
688,486.288715,0.000000e+00,0.000000e+00,4
689,486.994476,0.000000e+00,0.000000e+00,4
690,487.700283,0.000000e+00,0.000000e+00,4
691,488.406137,0.000000e+00,0.000000e+00,0
692,489.111921,0.000000e+00,0.000000e+00,0
693,489.817684,0.000000e+00,0.000000e+00,0
694,490.523491,0.000000e+00,0.000000e+00,4
695,491.229496,0.000000e+00,0.000000e+00,4
696,491.935438,0.000000e+00,0.000000e+00,4
697,492.641389,0.000000e+00,0.000000e+00,4
698,493.347429,0.000000e+00,0.000000e+00,4
699,494.053405,0.000000e+00,0.000000e+00,4
700,494.759210,0.000000e+00,0.000000e+00,4
701,495.465012,0.000000e+00,0.000000e+00,4
702,496.170809,0.000000e+00,0.000000e+00,4
703,496.876662,0.000000e+00,0.000000e+00,0
704,497.582526,0.000000e+00,0.000000e+00,0
705,498.288370,0.000000e+00,0.000000e+00,0
706,498.994180,0.000000e+00,0.000000e+00,0
707,499.699992,0.000000e+00,0.000000e+00,0
708,500.405782,0.000000e+00,0.000000e+00,4
709,501.111648,0.000000e+00,0.000000e+00,4
710,501.817527,0.000000e+00,0.000000e+00,4
711,502.523417,0.000000e+00,0.000000e+00,4
712,503.229230,0.000000e+00,0.000000e+00,4
713,503.935278,0.000000e+00,0.000000e+00,4
714,504.641005,0.000000e+00,0.000000e+00,4
715,505.346781,0.000000e+00,0.000000e+00,4
716,506.052600,0.000000e+00,0.000000e+00,4
717,506.758453,0.000000e+00,0.000000e+00,0
718,507.464309,0.000000e+00,0.000000e+00,0
719,508.170169,0.000000e+00,0.000000e+00,0
720,508.876003,0.000000e+00,0.000000e+00,0
721,509.581812,0.000000e+00,0.000000e+00,0
722,510.287661,0.000000e+00,0.000000e+00,0
723,510.993527,0.000000e+00,0.000000e+00,4
724,511.699441,0.000000e+00,0.000000e+00,4
725,512.405215,0.000000e+00,0.000000e+00,4
726,513.111081,0.000000e+00,0.000000e+00,4
727,513.816930,0.000000e+00,0.000000e+00,4
728,514.522749,0.000000e+00,0.000000e+00,4
729,515.228588,0.000000e+00,0.000000e+00,4
730,515.934415,0.000000e+00,0.000000e+00,4
731,516.640211,0.000000e+00,0.000000e+00,0
732,517.346025,0.000000e+00,0.000000e+00,0
733,518.051846,0.000000e+00,0.000000e+00,0
734,518.757723,0.000000e+00,0.000000e+00,0
735,519.463593,0.000000e+00,0.000000e+00,0
736,520.169468,0.000000e+00,0.000000e+00,0
737,520.875392,0.000000e+00,0.000000e+00,4
738,521.581355,0.000000e+00,0.000000e+00,4
739,522.287289,0.000000e+00,0.000000e+00,4
740,522.993243,0.000000e+00,0.000000e+00,4
741,523.699092,0.000000e+00,0.000000e+00,4
742,524.404942,0.000000e+00,0.000000e+00,4
743,525.110774,0.000000e+00,0.000000e+00,4
744,525.816596,0.000000e+00,0.000000e+00,4
745,526.522371,0.000000e+00,0.000000e+00,0
746,527.228181,0.000000e+00,0.000000e+00,0
747,527.933982,0.000000e+00,0.000000e+00,0
748,528.639812,0.000000e+00,0.000000e+00,0
749,529.345659,0.000000e+00,0.000000e+00,0
750,530.051501,0.000000e+00,0.000000e+00,0
751,530.757383,0.000000e+00,0.000000e+00,4
752,531.463248,0.000000e+00,0.000000e+00,4
753,532.169067,0.000000e+00,0.000000e+00,4
754,532.874875,0.000000e+00,0.000000e+00,4
755,533.580651,0.000000e+00,0.000000e+00,4
756,534.286447,0.000000e+00,0.000000e+00,4
757,534.992284,0.000000e+00,0.000000e+00,4
758,535.698064,0.000000e+00,0.000000e+00,4
759,536.403904,0.000000e+00,0.000000e+00,4
760,537.109762,0.000000e+00,0.000000e+00,0
761,537.815905,0.000000e+00,0.000000e+00,0
762,538.521709,0.000000e+00,0.000000e+00,0
763,539.227751,0.000000e+00,0.000000e+00,0
764,539.933676,0.000000e+00,0.000000e+00,0
765,540.639550,0.000000e+00,0.000000e+00,4
766,541.345463,0.000000e+00,0.000000e+00,4
767,542.051322,0.000000e+00,0.000000e+00,4
768,542.757188,0.000000e+00,0.000000e+00,4
769,543.463061,0.000000e+00,0.000000e+00,4
770,544.169016,0.000000e+00,0.000000e+00,4
771,544.874722,0.000000e+00,0.000000e+00,4
772,545.580547,0.000000e+00,0.000000e+00,4
773,546.286350,0.000000e+00,0.000000e+00,0
774,546.992211,0.000000e+00,0.000000e+00,0
775,547.698095,0.000000e+00,0.000000e+00,0
776,548.403880,0.000000e+00,0.000000e+00,0
777,549.109721,0.000000e+00,0.000000e+00,0
778,549.815507,0.000000e+00,0.000000e+00,0
779,550.521367,0.000000e+00,0.000000e+00,4
780,551.227259,0.000000e+00,0.000000e+00,4
781,551.933143,0.000000e+00,0.000000e+00,4
782,552.639036,0.000000e+00,0.000000e+00,4
783,553.344997,0.000000e+00,0.000000e+00,4
784,554.050910,0.000000e+00,0.000000e+00,4
785,554.756805,0.000000e+00,0.000000e+00,4
786,555.462714,0.000000e+00,0.000000e+00,4
787,556.168640,0.000000e+00,0.000000e+00,4
788,556.874514,0.000000e+00,0.000000e+00,0
789,557.580381,0.000000e+00,0.000000e+00,0
790,558.286270,0.000000e+00,0.000000e+00,0
791,558.992322,0.000000e+00,0.000000e+00,0
792,559.698232,0.000000e+00,0.000000e+00,0
793,560.404106,0.000000e+00,0.000000e+00,4
794,561.110232,0.000000e+00,0.000000e+00,4
795,561.815921,0.000000e+00,0.000000e+00,4
796,562.521810,0.000000e+00,0.000000e+00,4
797,563.227653,0.000000e+00,0.000000e+00,4
798,563.933461,0.000000e+00,0.000000e+00,4
799,564.639276,0.000000e+00,0.000000e+00,4
800,565.345061,0.000000e+00,0.000000e+00,4
801,566.050857,0.000000e+00,0.000000e+00,4
802,566.756681,0.000000e+00,0.000000e+00,0
803,567.462430,0.000000e+00,0.000000e+00,0
804,568.168231,0.000000e+00,0.000000e+00,0
805,568.874045,0.000000e+00,0.000000e+00,0
806,569.579882,0.000000e+00,0.000000e+00,0
807,570.285724,0.000000e+00,0.000000e+00,0
808,570.991596,0.000000e+00,0.000000e+00,4
809,571.697413,0.000000e+00,0.000000e+00,4
810,572.403257,0.000000e+00,0.000000e+00,4
811,573.109118,0.000000e+00,0.000000e+00,4
812,573.814967,0.000000e+00,0.000000e+00,4
813,574.520794,0.000000e+00,0.000000e+00,4
814,575.226643,0.000000e+00,0.000000e+00,4
815,575.932510,0.000000e+00,0.000000e+00,4
816,576.638337,0.000000e+00,0.000000e+00,4
817,577.344198,0.000000e+00,0.000000e+00,0
818,578.050006,0.000000e+00,0.000000e+00,0
819,578.755835,0.000000e+00,0.000000e+00,0
820,579.461699,0.000000e+00,0.000000e+00,0
821,580.167509,0.000000e+00,0.000000e+00,0
822,580.873366,0.000000e+00,0.000000e+00,4
823,581.579261,0.000000e+00,0.000000e+00,4
824,582.285148,0.000000e+00,0.000000e+00,4
825,582.991024,0.000000e+00,0.000000e+00,4
826,583.696894,0.000000e+00,0.000000e+00,4
827,584.402997,0.000000e+00,0.000000e+00,4
828,585.108583,0.000000e+00,0.000000e+00,4
829,585.814439,0.000000e+00,0.000000e+00,4
830,586.520256,0.000000e+00,0.000000e+00,4
831,587.226074,0.000000e+00,0.000000e+00,0
832,587.931921,0.000000e+00,0.000000e+00,0
833,588.637794,0.000000e+00,0.000000e+00,0
834,589.343669,0.000000e+00,0.000000e+00,0
835,590.049555,0.000000e+00,0.000000e+00,0
836,590.755391,0.000000e+00,0.000000e+00,4
837,591.461298,0.000000e+00,0.000000e+00,4
838,592.167178,0.000000e+00,0.000000e+00,4
839,592.873161,0.000000e+00,0.000000e+00,4
840,593.579238,0.000000e+00,0.000000e+00,4
841,594.285174,0.000000e+00,0.000000e+00,4
842,594.991032,0.000000e+00,0.000000e+00,4
843,595.696922,0.000000e+00,0.000000e+00,4
844,596.402893,0.000000e+00,0.000000e+00,4
845,597.108743,0.000000e+00,0.000000e+00,0
846,597.814568,0.000000e+00,0.000000e+00,0
847,598.520380,0.000000e+00,0.000000e+00,0
848,599.226223,0.000000e+00,0.000000e+00,0
849,599.932110,0.000000e+00,0.000000e+00,0
850,600.638006,0.000000e+00,0.000000e+00,4
851,601.343854,0.000000e+00,0.000000e+00,4
852,602.049693,0.000000e+00,0.000000e+00,4
853,602.755584,0.000000e+00,0.000000e+00,4
854,603.461452,0.000000e+00,0.000000e+00,4
855,604.167310,0.000000e+00,0.000000e+00,4
856,604.873414,0.000000e+00,0.000000e+00,4
857,605.579023,0.000000e+00,0.000000e+00,4
858,606.284850,0.000000e+00,0.000000e+00,0
859,606.990681,0.000000e+00,0.000000e+00,0
860,607.696532,0.000000e+00,0.000000e+00,0
861,608.402398,0.000000e+00,0.000000e+00,0
862,609.108194,0.000000e+00,0.000000e+00,0
863,609.814038,0.000000e+00,0.000000e+00,0
864,610.519927,0.000000e+00,0.000000e+00,4
865,611.225804,0.000000e+00,0.000000e+00,4
866,611.931716,0.000000e+00,0.000000e+00,4
867,612.637595,0.000000e+00,0.000000e+00,4
868,613.343445,0.000000e+00,0.000000e+00,4
869,614.049283,0.000000e+00,0.000000e+00,4
870,614.755140,0.000000e+00,0.000000e+00,4
871,615.460980,0.000000e+00,0.000000e+00,4
872,616.166787,0.000000e+00,0.000000e+00,4
873,616.872617,0.000000e+00,0.000000e+00,0
874,617.578450,0.000000e+00,0.000000e+00,0
875,618.284271,0.000000e+00,0.000000e+00,4
876,618.990126,0.000000e+00,0.000000e+00,0
877,619.695918,0.000000e+00,0.000000e+00,0
878,620.401761,0.000000e+00,0.000000e+00,4
879,621.107595,0.000000e+00,0.000000e+00,4
880,621.813378,0.000000e+00,0.000000e+00,4
881,622.519221,0.000000e+00,0.000000e+00,4
882,623.225040,0.000000e+00,0.000000e+00,4
883,623.930913,0.000000e+00,0.000000e+00,4
884,624.636758,0.000000e+00,0.000000e+00,4
885,625.342604,0.000000e+00,0.000000e+00,4
886,626.048401,0.000000e+00,0.000000e+00,4
887,626.754487,0.000000e+00,0.000000e+00,4
888,627.459961,0.000000e+00,0.000000e+00,0
889,628.165787,0.000000e+00,0.000000e+00,0
890,628.871654,0.000000e+00,0.000000e+00,0
891,629.577442,0.000000e+00,0.000000e+00,0
892,630.283375,0.000000e+00,0.000000e+00,4
893,630.989268,0.000000e+00,0.000000e+00,4
894,631.695128,0.000000e+00,0.000000e+00,4
895,632.400961,0.000000e+00,0.000000e+00,4
896,633.106789,0.000000e+00,0.000000e+00,4
897,633.812613,0.000000e+00,0.000000e+00,4
898,634.518444,0.000000e+00,0.000000e+00,4
899,635.224226,0.000000e+00,0.000000e+00,4
900,635.930032,0.000000e+00,0.000000e+00,4
901,636.635850,0.000000e+00,0.000000e+00,4
902,637.341605,0.000000e+00,0.000000e+00,0
903,638.047365,0.000000e+00,0.000000e+00,0
904,638.753158,0.000000e+00,0.000000e+00,0
905,639.458936,0.000000e+00,0.000000e+00,0
906,640.164740,0.000000e+00,0.000000e+00,0
907,640.870583,0.000000e+00,0.000000e+00,4
908,641.576391,0.000000e+00,0.000000e+00,4
909,642.282189,0.000000e+00,0.000000e+00,4
910,642.987958,0.000000e+00,0.000000e+00,4
911,643.693700,0.000000e+00,0.000000e+00,4
912,644.399496,0.000000e+00,0.000000e+00,4
913,645.105289,0.000000e+00,0.000000e+00,4
914,645.811067,0.000000e+00,0.000000e+00,4
915,646.516898,0.000000e+00,0.000000e+00,4
916,647.222684,0.000000e+00,0.000000e+00,0
917,647.928472,0.000000e+00,0.000000e+00,0
918,648.634267,0.000000e+00,0.000000e+00,0
919,649.340054,0.000000e+00,0.000000e+00,0
920,650.045856,0.000000e+00,0.000000e+00,0
921,650.751695,0.000000e+00,0.000000e+00,4
922,651.457521,0.000000e+00,0.000000e+00,4
923,652.163384,0.000000e+00,0.000000e+00,4
924,652.869215,0.000000e+00,0.000000e+00,4
925,653.575046,0.000000e+00,0.000000e+00,4
926,654.280925,0.000000e+00,0.000000e+00,4
927,654.986738,0.000000e+00,0.000000e+00,4
928,655.692579,0.000000e+00,0.000000e+00,4
929,656.398378,0.000000e+00,0.000000e+00,4
930,657.104128,0.000000e+00,0.000000e+00,0
931,657.809844,0.000000e+00,0.000000e+00,0
932,658.515608,0.000000e+00,0.000000e+00,0
933,659.221398,0.000000e+00,0.000000e+00,0
934,659.927434,0.000000e+00,0.000000e+00,0
935,660.632999,0.000000e+00,0.000000e+00,4
936,661.338845,0.000000e+00,0.000000e+00,4
937,662.044681,0.000000e+00,0.000000e+00,4
938,662.750487,0.000000e+00,0.000000e+00,4
939,663.456287,0.000000e+00,0.000000e+00,4
940,664.162150,0.000000e+00,0.000000e+00,4
941,664.867964,0.000000e+00,0.000000e+00,4
942,665.573808,0.000000e+00,0.000000e+00,4
943,666.279968,0.000000e+00,0.000000e+00,4
944,666.985485,0.000000e+00,0.000000e+00,0
945,667.691255,0.000000e+00,0.000000e+00,0
946,668.397024,0.000000e+00,0.000000e+00,0
947,669.102838,0.000000e+00,0.000000e+00,0
948,669.808666,0.000000e+00,0.000000e+00,0
949,670.514502,0.000000e+00,0.000000e+00,4
950,671.220407,0.000000e+00,0.000000e+00,4
951,671.926293,0.000000e+00,0.000000e+00,4
952,672.632110,0.000000e+00,0.000000e+00,4
953,673.337930,0.000000e+00,0.000000e+00,4
954,674.043777,0.000000e+00,0.000000e+00,4
955,674.749786,0.000000e+00,0.000000e+00,4
956,675.455663,0.000000e+00,0.000000e+00,4
957,676.161461,0.000000e+00,0.000000e+00,4
958,676.867266,0.000000e+00,0.000000e+00,0
959,677.573087,0.000000e+00,0.000000e+00,0
960,678.278849,0.000000e+00,0.000000e+00,0
961,678.984589,0.000000e+00,0.000000e+00,4
962,679.690420,0.000000e+00,0.000000e+00,4
963,680.396225,0.000000e+00,0.000000e+00,4
964,681.102034,0.000000e+00,0.000000e+00,4
965,681.807894,0.000000e+00,0.000000e+00,4
966,682.513673,0.000000e+00,0.000000e+00,4
967,683.219482,0.000000e+00,0.000000e+00,4
968,683.925285,0.000000e+00,0.000000e+00,4
969,684.631048,0.000000e+00,0.000000e+00,4
970,685.337003,0.000000e+00,0.000000e+00,4
971,686.042512,0.000000e+00,0.000000e+00,4
972,686.748222,0.000000e+00,0.000000e+00,0
973,687.453941,0.000000e+00,0.000000e+00,0
974,688.159688,0.000000e+00,0.000000e+00,0
975,688.865460,0.000000e+00,0.000000e+00,0
976,689.571193,0.000000e+00,0.000000e+00,0
977,690.276956,0.000000e+00,0.000000e+00,0
978,690.982757,0.000000e+00,0.000000e+00,4
979,691.688597,0.000000e+00,0.000000e+00,4
980,692.394417,0.000000e+00,0.000000e+00,4
981,693.100214,0.000000e+00,0.000000e+00,4
982,693.806019,0.000000e+00,0.000000e+00,4
983,694.511805,0.000000e+00,0.000000e+00,4
984,695.217568,0.000000e+00,0.000000e+00,4
985,695.923327,0.000000e+00,0.000000e+00,4
986,696.629110,0.000000e+00,0.000000e+00,4
987,697.334933,0.000000e+00,0.000000e+00,0
988,698.040745,0.000000e+00,0.000000e+00,0
989,698.746536,0.000000e+00,0.000000e+00,0
990,699.452311,0.000000e+00,0.000000e+00,0
991,700.158093,0.000000e+00,0.000000e+00,0
992,700.863855,0.000000e+00,0.000000e+00,4
993,701.569625,0.000000e+00,0.000000e+00,4
994,702.275377,0.000000e+00,0.000000e+00,4
995,702.981177,0.000000e+00,0.000000e+00,4
996,703.686965,0.000000e+00,0.000000e+00,4
997,704.392736,0.000000e+00,0.000000e+00,4
998,705.098538,0.000000e+00,0.000000e+00,4
999,705.804414,0.000000e+00,0.000000e+00,4
1000,706.510069,0.000000e+00,0.000000e+00,4
1001,707.215812,0.000000e+00,0.000000e+00,0
1002,707.921583,0.000000e+00,0.000000e+00,0
1003,708.627342,0.000000e+00,0.000000e+00,0
1004,709.333114,0.000000e+00,0.000000e+00,0
1005,710.038894,0.000000e+00,0.000000e+00,0
1006,710.744689,0.000000e+00,0.000000e+00,4
1007,711.450483,0.000000e+00,0.000000e+00,4
1008,712.156279,0.000000e+00,0.000000e+00,4
1009,712.862041,0.000000e+00,0.000000e+00,4
1010,713.567765,0.000000e+00,0.000000e+00,4
1011,714.273461,0.000000e+00,0.000000e+00,4
1012,714.979315,0.000000e+00,0.000000e+00,4
1013,715.685027,0.000000e+00,0.000000e+00,4
1014,716.390719,0.000000e+00,0.000000e+00,4
1015,717.096395,0.000000e+00,0.000000e+00,0
1016,717.802105,0.000000e+00,0.000000e+00,0
1017,718.507794,0.000000e+00,0.000000e+00,0
1018,719.213493,0.000000e+00,0.000000e+00,0
1019,719.919213,0.000000e+00,0.000000e+00,0
1020,720.625012,0.000000e+00,0.000000e+00,4
1021,721.330810,0.000000e+00,0.000000e+00,4
1022,722.036691,0.000000e+00,0.000000e+00,4
1023,722.742517,0.000000e+00,0.000000e+00,4
1024,723.448519,0.000000e+00,0.000000e+00,4
1025,724.154445,0.000000e+00,0.000000e+00,4
1026,724.860187,0.000000e+00,0.000000e+00,4
1027,725.565962,0.000000e+00,0.000000e+00,4
1028,726.271983,0.000000e+00,0.000000e+00,4
1029,726.978026,0.000000e+00,0.000000e+00,0
1030,727.684353,0.000000e+00,0.000000e+00,0
1031,728.390072,0.000000e+00,0.000000e+00,0
1032,729.095867,0.000000e+00,0.000000e+00,0
1033,729.801644,0.000000e+00,0.000000e+00,0
1034,730.507493,0.000000e+00,0.000000e+00,4
1035,731.213432,0.000000e+00,0.000000e+00,4
1036,731.919549,0.000000e+00,0.000000e+00,4
1037,732.625433,0.000000e+00,0.000000e+00,4
1038,733.331258,0.000000e+00,0.000000e+00,4
1039,734.037057,0.000000e+00,0.000000e+00,4
1040,734.742888,0.000000e+00,0.000000e+00,4
1041,735.448681,0.000000e+00,0.000000e+00,4
1042,736.154438,0.000000e+00,0.000000e+00,4
1043,736.860428,0.000000e+00,0.000000e+00,0
1044,737.566281,0.000000e+00,0.000000e+00,0
1045,738.272035,0.000000e+00,0.000000e+00,0
1046,738.977792,0.000000e+00,0.000000e+00,0
1047,739.683536,0.000000e+00,0.000000e+00,0
1048,740.389245,0.000000e+00,0.000000e+00,0
1049,741.095029,0.000000e+00,0.000000e+00,4
1050,741.800795,0.000000e+00,0.000000e+00,4
1051,742.506577,0.000000e+00,0.000000e+00,4
1052,743.212369,0.000000e+00,0.000000e+00,4
1053,743.918194,0.000000e+00,0.000000e+00,4
1054,744.623954,0.000000e+00,0.000000e+00,4
1055,745.329793,0.000000e+00,0.000000e+00,4
1056,746.035461,0.000000e+00,0.000000e+00,4
1057,746.741227,0.000000e+00,0.000000e+00,0
1058,747.447050,0.000000e+00,0.000000e+00,0
1059,748.153018,0.000000e+00,0.000000e+00,0
1060,748.858978,0.000000e+00,0.000000e+00,0
1061,749.564907,0.000000e+00,0.000000e+00,0
1062,750.270857,0.000000e+00,0.000000e+00,0
1063,750.976873,0.000000e+00,0.000000e+00,4
1064,751.682793,0.000000e+00,0.000000e+00,4
1065,752.388658,0.000000e+00,0.000000e+00,4
1066,753.094444,0.000000e+00,0.000000e+00,4
1067,753.800247,0.000000e+00,0.000000e+00,4
1068,754.506006,0.000000e+00,0.000000e+00,4
1069,755.211749,0.000000e+00,0.000000e+00,4
1070,755.917510,0.000000e+00,0.000000e+00,4
1071,756.623245,0.000000e+00,0.000000e+00,4
1072,757.329001,0.000000e+00,0.000000e+00,0
1073,758.034712,0.000000e+00,0.000000e+00,0
1074,758.740377,0.000000e+00,0.000000e+00,0
1075,759.446071,0.000000e+00,0.000000e+00,0
1076,760.151738,0.000000e+00,0.000000e+00,0
1077,760.857449,0.000000e+00,0.000000e+00,4
1078,761.563170,0.000000e+00,0.000000e+00,4
1079,762.268876,0.000000e+00,0.000000e+00,4
1080,762.974564,0.000000e+00,0.000000e+00,4
1081,763.680281,0.000000e+00,0.000000e+00,4
1082,764.385958,0.000000e+00,0.000000e+00,4
1083,765.091627,0.000000e+00,0.000000e+00,4
1084,765.797272,0.000000e+00,0.000000e+00,4
1085,766.502924,0.000000e+00,0.000000e+00,0
1086,767.208569,0.000000e+00,0.000000e+00,0
1087,767.914234,0.000000e+00,0.000000e+00,0
1088,768.619920,0.000000e+00,0.000000e+00,0
1089,769.325581,0.000000e+00,0.000000e+00,0
1090,770.031294,0.000000e+00,0.000000e+00,0
1091,770.736947,0.000000e+00,0.000000e+00,4
1092,771.442614,0.000000e+00,0.000000e+00,4
1093,772.148258,0.000000e+00,0.000000e+00,4
1094,772.853885,0.000000e+00,0.000000e+00,4
1095,773.559570,0.000000e+00,0.000000e+00,4
1096,774.265255,0.000000e+00,0.000000e+00,4
1097,774.970933,0.000000e+00,0.000000e+00,4
1098,775.676580,0.000000e+00,0.000000e+00,4
1099,776.382230,0.000000e+00,0.000000e+00,4
1100,777.087837,0.000000e+00,0.000000e+00,0
1101,777.793450,0.000000e+00,0.000000e+00,0
1102,778.499063,0.000000e+00,0.000000e+00,0
1103,779.204587,0.000000e+00,0.000000e+00,0
1104,779.910147,0.000000e+00,0.000000e+00,0
1105,780.615739,0.000000e+00,0.000000e+00,4
1106,781.321393,0.000000e+00,0.000000e+00,4
1107,782.027020,0.000000e+00,0.000000e+00,4
1108,782.732635,0.000000e+00,0.000000e+00,4
1109,783.438237,0.000000e+00,0.000000e+00,4
1110,784.143859,0.000000e+00,0.000000e+00,4
1111,784.849429,0.000000e+00,0.000000e+00,4
1112,785.555008,0.000000e+00,0.000000e+00,4
1113,786.260577,0.000000e+00,0.000000e+00,4
1114,786.966175,0.000000e+00,0.000000e+00,0
1115,787.671740,0.000000e+00,0.000000e+00,0
1116,788.377237,0.000000e+00,0.000000e+00,0
1117,789.082713,0.000000e+00,0.000000e+00,0
1118,789.788243,0.000000e+00,0.000000e+00,0
1119,790.493777,0.000000e+00,0.000000e+00,4
1120,791.199354,0.000000e+00,0.000000e+00,4
1121,791.904927,0.000000e+00,0.000000e+00,4
1122,792.610543,0.000000e+00,0.000000e+00,4
1123,793.316138,0.000000e+00,0.000000e+00,4
1124,794.021689,0.000000e+00,0.000000e+00,4
1125,794.727266,0.000000e+00,0.000000e+00,4
1126,795.432830,0.000000e+00,0.000000e+00,4
1127,796.138372,0.000000e+00,0.000000e+00,4
1128,796.843920,0.000000e+00,0.000000e+00,4
1129,797.549568,0.000000e+00,0.000000e+00,0
1130,798.255310,0.000000e+00,0.000000e+00,0
1131,798.960898,0.000000e+00,0.000000e+00,0
1132,799.666493,0.000000e+00,0.000000e+00,0
1133,800.372152,0.000000e+00,0.000000e+00,4
1134,801.077797,0.000000e+00,0.000000e+00,4
1135,801.783425,0.000000e+00,0.000000e+00,4
1136,802.488980,0.000000e+00,0.000000e+00,4
1137,803.194582,0.000000e+00,0.000000e+00,4
1138,803.900157,0.000000e+00,0.000000e+00,4
1139,804.605756,0.000000e+00,0.000000e+00,4
1140,805.311315,0.000000e+00,0.000000e+00,4
1141,806.016858,0.000000e+00,0.000000e+00,4
1142,806.722395,0.000000e+00,0.000000e+00,4
1143,807.427942,0.000000e+00,0.000000e+00,0
1144,808.133507,0.000000e+00,0.000000e+00,0
1145,808.839099,0.000000e+00,0.000000e+00,0
1146,809.544595,0.000000e+00,0.000000e+00,0
1147,810.250120,0.000000e+00,0.000000e+00,0
1148,810.955668,0.000000e+00,0.000000e+00,4
1149,811.661273,0.000000e+00,0.000000e+00,4
1150,812.366885,0.000000e+00,0.000000e+00,4
1151,813.072477,0.000000e+00,0.000000e+00,4
1152,813.778075,0.000000e+00,0.000000e+00,4
1153,814.483672,0.000000e+00,0.000000e+00,4
1154,815.189271,0.000000e+00,0.000000e+00,4
1155,815.894828,0.000000e+00,0.000000e+00,4
1156,816.600324,0.000000e+00,0.000000e+00,4
1157,817.305863,0.000000e+00,0.000000e+00,0
1158,818.011441,0.000000e+00,0.000000e+00,0
1159,818.716983,0.000000e+00,0.000000e+00,0
1160,819.422516,0.000000e+00,0.000000e+00,0
1161,820.127991,0.000000e+00,0.000000e+00,0
1162,820.833564,0.000000e+00,0.000000e+00,4
1163,821.539149,0.000000e+00,0.000000e+00,4
1164,822.244715,0.000000e+00,0.000000e+00,4
1165,822.950267,0.000000e+00,0.000000e+00,4
1166,823.655843,0.000000e+00,0.000000e+00,4
1167,824.361440,0.000000e+00,0.000000e+00,4
1168,825.067026,0.000000e+00,0.000000e+00,4
1169,825.772554,0.000000e+00,0.000000e+00,4
1170,826.478123,0.000000e+00,0.000000e+00,4
1171,827.183656,0.000000e+00,0.000000e+00,0
1172,827.889209,0.000000e+00,0.000000e+00,4
1173,828.594825,0.000000e+00,0.000000e+00,4
1174,829.300436,0.000000e+00,0.000000e+00,4
1175,830.006077,0.000000e+00,0.000000e+00,0
1176,830.712017,0.000000e+00,0.000000e+00,4
1177,831.417346,0.000000e+00,0.000000e+00,4
1178,832.123147,0.000000e+00,0.000000e+00,4
1179,832.828983,0.000000e+00,0.000000e+00,4
1180,833.534828,0.000000e+00,0.000000e+00,4
1181,834.240637,0.000000e+00,0.000000e+00,4
1182,834.946434,0.000000e+00,0.000000e+00,4
1183,835.652211,0.000000e+00,0.000000e+00,4
1184,836.357967,0.000000e+00,0.000000e+00,4
1185,837.063706,0.000000e+00,0.000000e+00,0
1186,837.769606,0.000000e+00,0.000000e+00,0
1187,838.488565,0.000000e+00,0.000000e+00,0
1188,839.180944,0.000000e+00,0.000000e+00,0
1189,839.886690,0.000000e+00,0.000000e+00,0
1190,840.592455,0.000000e+00,0.000000e+00,4
1191,841.298270,0.000000e+00,0.000000e+00,4
1192,842.003914,0.000000e+00,0.000000e+00,4
1193,842.709457,0.000000e+00,0.000000e+00,4
1194,843.415030,0.000000e+00,0.000000e+00,4
1195,844.120597,0.000000e+00,0.000000e+00,4
1196,844.826129,0.000000e+00,0.000000e+00,4
1197,845.531685,0.000000e+00,0.000000e+00,4
1198,846.237205,0.000000e+00,0.000000e+00,4
1199,846.942949,0.000000e+00,0.000000e+00,0
1200,847.648757,0.000000e+00,0.000000e+00,0
1201,848.354398,0.000000e+00,0.000000e+00,0
1202,849.060032,0.000000e+00,0.000000e+00,0
1203,849.765625,0.000000e+00,0.000000e+00,0
1204,850.471241,0.000000e+00,0.000000e+00,4
1205,851.176927,0.000000e+00,0.000000e+00,4
1206,851.882529,0.000000e+00,0.000000e+00,4
1207,852.588152,0.000000e+00,0.000000e+00,4
1208,853.293766,0.000000e+00,0.000000e+00,4
1209,853.999312,0.000000e+00,0.000000e+00,4
1210,854.704902,0.000000e+00,0.000000e+00,4
1211,855.410506,0.000000e+00,0.000000e+00,4
1212,856.116058,0.000000e+00,0.000000e+00,4
1213,856.821652,0.000000e+00,0.000000e+00,0
1214,857.527267,0.000000e+00,0.000000e+00,0
1215,858.232913,0.000000e+00,0.000000e+00,0
1216,858.938553,0.000000e+00,0.000000e+00,0
1217,859.644204,0.000000e+00,0.000000e+00,0
1218,860.349823,0.000000e+00,0.000000e+00,0
1219,861.055531,0.000000e+00,0.000000e+00,4
1220,861.761252,0.000000e+00,0.000000e+00,4
1221,862.466979,0.000000e+00,0.000000e+00,4
1222,863.172647,0.000000e+00,0.000000e+00,4
1223,863.878384,0.000000e+00,0.000000e+00,4
1224,864.584155,0.000000e+00,0.000000e+00,4
1225,865.290070,0.000000e+00,0.000000e+00,4
1226,865.995955,0.000000e+00,0.000000e+00,4
1227,866.701708,0.000000e+00,0.000000e+00,4
1228,867.407315,0.000000e+00,0.000000e+00,0
1229,868.112984,0.000000e+00,0.000000e+00,0
1230,868.818622,0.000000e+00,0.000000e+00,0
1231,869.524601,0.000000e+00,0.000000e+00,0
1232,870.229977,0.000000e+00,0.000000e+00,0
1233,870.935725,0.000000e+00,0.000000e+00,4
1234,871.641474,0.000000e+00,0.000000e+00,4
1235,872.347264,0.000000e+00,0.000000e+00,4
1236,873.052990,0.000000e+00,0.000000e+00,4
1237,873.758718,0.000000e+00,0.000000e+00,4
1238,874.464412,0.000000e+00,0.000000e+00,4
1239,875.170116,0.000000e+00,0.000000e+00,4
1240,875.875781,0.000000e+00,0.000000e+00,4
1241,876.581458,0.000000e+00,0.000000e+00,4
1242,877.287137,0.000000e+00,0.000000e+00,0
1243,877.992789,0.000000e+00,0.000000e+00,4
1244,878.698468,0.000000e+00,0.000000e+00,4
1245,879.404191,0.000000e+00,0.000000e+00,0
1246,880.109876,0.000000e+00,0.000000e+00,0
1247,880.815616,0.000000e+00,0.000000e+00,4
1248,881.521330,0.000000e+00,0.000000e+00,4
1249,882.227011,0.000000e+00,0.000000e+00,4
1250,882.932727,0.000000e+00,0.000000e+00,4
1251,883.638668,0.000000e+00,0.000000e+00,4
1252,884.344439,0.000000e+00,0.000000e+00,4
1253,885.050086,0.000000e+00,0.000000e+00,4
1254,885.755735,0.000000e+00,0.000000e+00,4
1255,886.461355,0.000000e+00,0.000000e+00,4
1256,887.166977,0.000000e+00,0.000000e+00,0
1257,887.872557,0.000000e+00,0.000000e+00,0
1258,888.578158,0.000000e+00,0.000000e+00,0
1259,889.283763,0.000000e+00,0.000000e+00,0
1260,889.989412,0.000000e+00,0.000000e+00,0
1261,890.695163,0.000000e+00,0.000000e+00,4
1262,891.400911,0.000000e+00,0.000000e+00,4
1263,892.106681,0.000000e+00,0.000000e+00,4
1264,892.812408,0.000000e+00,0.000000e+00,4
1265,893.539990,0.000000e+00,0.000000e+00,4
1266,894.223866,0.000000e+00,0.000000e+00,4
1267,894.929579,0.000000e+00,0.000000e+00,4
1268,895.635256,0.000000e+00,0.000000e+00,4
1269,896.340952,0.000000e+00,0.000000e+00,4
1270,897.046645,0.000000e+00,0.000000e+00,0
1271,897.752337,0.000000e+00,0.000000e+00,0
1272,898.458011,0.000000e+00,0.000000e+00,0
1273,899.163685,0.000000e+00,0.000000e+00,0
1274,899.869339,0.000000e+00,0.000000e+00,0
1275,900.575065,0.000000e+00,0.000000e+00,4
1276,901.280837,0.000000e+00,0.000000e+00,4
1277,901.986887,0.000000e+00,0.000000e+00,4
1278,902.692306,0.000000e+00,0.000000e+00,4
1279,903.398042,0.000000e+00,0.000000e+00,4
1280,904.103762,0.000000e+00,0.000000e+00,4
1281,904.809470,0.000000e+00,0.000000e+00,4
1282,905.515211,0.000000e+00,0.000000e+00,4
1283,906.220939,0.000000e+00,0.000000e+00,4
1284,906.926641,0.000000e+00,0.000000e+00,0
1285,907.632390,0.000000e+00,0.000000e+00,0
1286,908.338001,0.000000e+00,0.000000e+00,0
1287,909.043650,0.000000e+00,0.000000e+00,0
1288,909.749299,0.000000e+00,0.000000e+00,0
1289,910.454935,0.000000e+00,0.000000e+00,0
1290,911.160639,0.000000e+00,0.000000e+00,4
1291,911.866331,0.000000e+00,0.000000e+00,4
1292,912.571987,0.000000e+00,0.000000e+00,4
1293,913.277659,0.000000e+00,0.000000e+00,4
1294,913.983297,0.000000e+00,0.000000e+00,4
1295,914.688975,0.000000e+00,0.000000e+00,4
1296,915.394697,0.000000e+00,0.000000e+00,4
1297,916.100288,0.000000e+00,0.000000e+00,4
1298,916.805849,0.000000e+00,0.000000e+00,0
1299,917.511436,0.000000e+00,0.000000e+00,0
1300,918.217107,0.000000e+00,0.000000e+00,0
1301,918.922784,0.000000e+00,0.000000e+00,0
1302,919.628824,0.000000e+00,0.000000e+00,0
1303,920.334121,0.000000e+00,0.000000e+00,0
1304,921.039814,0.000000e+00,0.000000e+00,4
1305,921.745535,0.000000e+00,0.000000e+00,4
1306,922.451274,0.000000e+00,0.000000e+00,4
1307,923.157015,0.000000e+00,0.000000e+00,4
1308,923.862698,0.000000e+00,0.000000e+00,4
1309,924.568414,0.000000e+00,0.000000e+00,4
1310,925.274096,0.000000e+00,0.000000e+00,4
1311,925.979763,0.000000e+00,0.000000e+00,4
1312,926.685388,0.000000e+00,0.000000e+00,4
1313,927.390991,0.000000e+00,0.000000e+00,0
1314,928.096594,0.000000e+00,0.000000e+00,0
1315,928.802216,0.000000e+00,0.000000e+00,0
1316,929.507865,0.000000e+00,0.000000e+00,0
1317,930.213532,0.000000e+00,0.000000e+00,0
1318,930.919216,0.000000e+00,0.000000e+00,4
1319,931.624947,0.000000e+00,0.000000e+00,4
1320,932.330648,0.000000e+00,0.000000e+00,4
1321,933.036362,0.000000e+00,0.000000e+00,4
1322,933.742086,0.000000e+00,0.000000e+00,4
1323,934.447796,0.000000e+00,0.000000e+00,4
1324,935.153551,0.000000e+00,0.000000e+00,4
1325,935.859232,0.000000e+00,0.000000e+00,4
1326,936.564866,0.000000e+00,0.000000e+00,4
1327,937.270540,0.000000e+00,0.000000e+00,0
1328,937.976252,0.000000e+00,0.000000e+00,0
1329,938.681944,0.000000e+00,0.000000e+00,0
1330,939.387637,0.000000e+00,0.000000e+00,0
1331,940.093285,0.000000e+00,0.000000e+00,4
1332,940.798924,0.000000e+00,0.000000e+00,4
1333,941.504598,0.000000e+00,0.000000e+00,4
1334,942.210228,0.000000e+00,0.000000e+00,4
1335,942.915866,0.000000e+00,0.000000e+00,4
1336,943.621493,0.000000e+00,0.000000e+00,4
1337,944.327099,0.000000e+00,0.000000e+00,4
1338,945.032738,0.000000e+00,0.000000e+00,4
1339,945.738337,0.000000e+00,0.000000e+00,4
1340,946.443951,0.000000e+00,0.000000e+00,0
1341,947.149514,0.000000e+00,0.000000e+00,0
1342,947.855114,0.000000e+00,0.000000e+00,0
1343,948.560707,0.000000e+00,0.000000e+00,0
1344,949.266395,0.000000e+00,0.000000e+00,0
1345,949.972025,0.000000e+00,0.000000e+00,0
1346,950.677725,0.000000e+00,0.000000e+00,4
1347,951.383450,0.000000e+00,0.000000e+00,4
1348,952.089146,0.000000e+00,0.000000e+00,4
1349,952.794820,0.000000e+00,0.000000e+00,4
1350,953.500510,0.000000e+00,0.000000e+00,4
1351,954.206183,0.000000e+00,0.000000e+00,4
1352,954.911865,0.000000e+00,0.000000e+00,4
1353,955.617524,0.000000e+00,0.000000e+00,4
1354,956.323203,0.000000e+00,0.000000e+00,4
1355,957.028815,0.000000e+00,0.000000e+00,0
1356,957.734444,0.000000e+00,0.000000e+00,0
1357,958.440099,0.000000e+00,0.000000e+00,0
1358,959.145730,0.000000e+00,0.000000e+00,0
1359,959.851702,0.000000e+00,0.000000e+00,0
1360,960.556999,0.000000e+00,0.000000e+00,4
1361,961.262646,0.000000e+00,0.000000e+00,4
1362,961.968388,0.000000e+00,0.000000e+00,4
1363,962.674062,0.000000e+00,0.000000e+00,4
1364,963.379832,0.000000e+00,0.000000e+00,4
1365,964.085756,0.000000e+00,0.000000e+00,4
1366,964.791613,0.000000e+00,0.000000e+00,4
1367,965.497456,0.000000e+00,0.000000e+00,4
1368,966.203235,0.000000e+00,0.000000e+00,4
1369,966.908763,0.000000e+00,0.000000e+00,0
1370,967.614332,0.000000e+00,0.000000e+00,0
1371,968.319907,0.000000e+00,0.000000e+00,0
1372,969.025493,0.000000e+00,0.000000e+00,0
1373,969.731101,0.000000e+00,0.000000e+00,0
1374,970.436738,0.000000e+00,0.000000e+00,0
1375,971.142380,0.000000e+00,0.000000e+00,4
1376,971.848076,0.000000e+00,0.000000e+00,4
1377,972.553756,0.000000e+00,0.000000e+00,4
1378,973.259464,0.000000e+00,0.000000e+00,4
1379,973.965094,0.000000e+00,0.000000e+00,4
1380,974.670923,0.000000e+00,0.000000e+00,4
1381,975.376734,0.000000e+00,0.000000e+00,4
1382,976.082281,0.000000e+00,0.000000e+00,4
1383,976.787893,0.000000e+00,0.000000e+00,0
1384,977.493489,0.000000e+00,0.000000e+00,4
1385,978.199070,0.000000e+00,0.000000e+00,0
1386,978.904647,0.000000e+00,0.000000e+00,0
1387,979.610215,0.000000e+00,0.000000e+00,0
1388,980.315853,0.000000e+00,0.000000e+00,0
1389,981.021565,0.000000e+00,0.000000e+00,4
1390,981.727207,0.000000e+00,0.000000e+00,4
1391,982.432856,0.000000e+00,0.000000e+00,4
1392,983.138518,0.000000e+00,0.000000e+00,4
1393,983.844187,0.000000e+00,0.000000e+00,4
1394,984.549829,0.000000e+00,0.000000e+00,4
1395,985.255489,0.000000e+00,0.000000e+00,4
1396,985.961133,0.000000e+00,0.000000e+00,4
1397,986.666796,0.000000e+00,0.000000e+00,4
1398,987.372453,0.000000e+00,0.000000e+00,0
1399,988.078060,0.000000e+00,0.000000e+00,0
1400,988.783721,0.000000e+00,0.000000e+00,0
1401,989.489370,0.000000e+00,0.000000e+00,0
1402,990.195018,0.000000e+00,0.000000e+00,0
1403,990.900693,0.000000e+00,0.000000e+00,4
1404,991.606420,0.000000e+00,0.000000e+00,4
1405,992.312120,0.000000e+00,0.000000e+00,4
1406,993.017781,0.000000e+00,0.000000e+00,4
1407,993.723487,0.000000e+00,0.000000e+00,4
1408,994.429111,0.000000e+00,0.000000e+00,4
1409,995.134727,0.000000e+00,0.000000e+00,4
1410,995.840325,0.000000e+00,0.000000e+00,4
1411,996.545893,0.000000e+00,0.000000e+00,4
1412,997.251453,0.000000e+00,0.000000e+00,0
1413,997.957064,0.000000e+00,0.000000e+00,0
1414,998.662730,0.000000e+00,0.000000e+00,0
1415,999.368585,0.000000e+00,0.000000e+00,0
1416,1000.074265,0.000000e+00,0.000000e+00,0
1417,1000.779917,0.000000e+00,0.000000e+00,4
1418,1001.485613,0.000000e+00,0.000000e+00,4
1419,1002.191317,0.000000e+00,0.000000e+00,4
1420,1002.897017,0.000000e+00,0.000000e+00,4
1421,1003.602868,0.000000e+00,0.000000e+00,4
1422,1004.308755,0.000000e+00,0.000000e+00,4
1423,1005.014459,0.000000e+00,0.000000e+00,4
1424,1005.720144,0.000000e+00,0.000000e+00,4
1425,1006.425793,0.000000e+00,0.000000e+00,4
1426,1007.131450,0.000000e+00,0.000000e+00,0
1427,1007.837099,0.000000e+00,0.000000e+00,0
1428,1008.542739,0.000000e+00,0.000000e+00,0
1429,1009.248438,0.000000e+00,0.000000e+00,0
1430,1009.954038,0.000000e+00,0.000000e+00,0
1431,1010.659686,0.000000e+00,0.000000e+00,4
1432,1011.365374,0.000000e+00,0.000000e+00,4
1433,1012.071062,0.000000e+00,0.000000e+00,4
1434,1012.776697,0.000000e+00,0.000000e+00,4
1435,1013.482383,0.000000e+00,0.000000e+00,4
1436,1014.188061,0.000000e+00,0.000000e+00,4
1437,1014.893725,0.000000e+00,0.000000e+00,4
1438,1015.599406,0.000000e+00,0.000000e+00,4
1439,1016.305093,0.000000e+00,0.000000e+00,4
1440,1017.010971,0.000000e+00,0.000000e+00,0
1441,1017.716853,0.000000e+00,0.000000e+00,0
1442,1018.422730,0.000000e+00,0.000000e+00,0
1443,1019.128363,0.000000e+00,0.000000e+00,0
1444,1019.834002,0.000000e+00,0.000000e+00,0
1445,1020.539666,0.000000e+00,0.000000e+00,4
1446,1021.245420,0.000000e+00,0.000000e+00,4
1447,1021.951131,0.000000e+00,0.000000e+00,4
1448,1022.656834,0.000000e+00,0.000000e+00,4
1449,1023.362497,0.000000e+00,0.000000e+00,4
1450,1024.068124,0.000000e+00,0.000000e+00,4
1451,1024.773750,0.000000e+00,0.000000e+00,4
1452,1025.479373,0.000000e+00,0.000000e+00,4
1453,1026.185000,0.000000e+00,0.000000e+00,4
1454,1026.890595,0.000000e+00,0.000000e+00,4
1455,1027.596227,0.000000e+00,0.000000e+00,0
1456,1028.301894,0.000000e+00,0.000000e+00,0
1457,1029.007619,0.000000e+00,0.000000e+00,0
1458,1029.713076,0.000000e+00,0.000000e+00,0
1459,1030.418734,0.000000e+00,0.000000e+00,0
1460,1031.124414,0.000000e+00,0.000000e+00,4
1461,1031.830079,0.000000e+00,0.000000e+00,4
1462,1032.535736,0.000000e+00,0.000000e+00,4
1463,1033.241441,0.000000e+00,0.000000e+00,4
1464,1033.947075,0.000000e+00,0.000000e+00,4
1465,1034.652718,0.000000e+00,0.000000e+00,4
1466,1035.358446,0.000000e+00,0.000000e+00,4
1467,1036.064102,0.000000e+00,0.000000e+00,4
1468,1036.769763,0.000000e+00,0.000000e+00,4
1469,1037.475392,0.000000e+00,0.000000e+00,4
1470,1038.181024,0.000000e+00,0.000000e+00,4
1471,1038.886663,0.000000e+00,0.000000e+00,0
1472,1039.592258,0.000000e+00,0.000000e+00,4
1473,1040.297859,0.000000e+00,0.000000e+00,4
1474,1041.003554,0.000000e+00,0.000000e+00,4
1475,1041.709282,0.000000e+00,0.000000e+00,4
1476,1042.414931,0.000000e+00,0.000000e+00,4
1477,1043.120598,0.000000e+00,0.000000e+00,4
1478,1043.826257,0.000000e+00,0.000000e+00,4
1479,1044.531879,0.000000e+00,0.000000e+00,4
1480,1045.237473,0.000000e+00,0.000000e+00,4
1481,1045.943131,0.000000e+00,0.000000e+00,4
1482,1046.648836,0.000000e+00,0.000000e+00,4
1483,1047.354511,0.000000e+00,0.000000e+00,0
1484,1048.060173,0.000000e+00,0.000000e+00,0
1485,1048.765847,0.000000e+00,0.000000e+00,0
1486,1049.471506,0.000000e+00,0.000000e+00,0
1487,1050.177119,0.000000e+00,0.000000e+00,0
1488,1050.882862,0.000000e+00,0.000000e+00,4
1489,1051.588562,0.000000e+00,0.000000e+00,4
1490,1052.294222,0.000000e+00,0.000000e+00,4
1491,1052.999838,0.000000e+00,0.000000e+00,4
1492,1053.705403,0.000000e+00,0.000000e+00,4
1493,1054.410921,0.000000e+00,0.000000e+00,4
1494,1055.116510,0.000000e+00,0.000000e+00,4
1495,1055.822132,0.000000e+00,0.000000e+00,4
1496,1056.527730,0.000000e+00,0.000000e+00,4
1497,1057.233314,0.000000e+00,0.000000e+00,0
1498,1057.938879,0.000000e+00,0.000000e+00,0
1499,1058.662164,0.000000e+00,0.000000e+00,0
1500,1059.350039,0.000000e+00,0.000000e+00,0
1501,1060.055624,0.000000e+00,0.000000e+00,0
1502,1060.761206,0.000000e+00,0.000000e+00,4
1503,1061.466867,0.000000e+00,0.000000e+00,4
1504,1062.172499,0.000000e+00,0.000000e+00,4
1505,1062.878171,0.000000e+00,0.000000e+00,4
1506,1063.583857,0.000000e+00,0.000000e+00,4
1507,1064.289462,0.000000e+00,0.000000e+00,4
1508,1064.994959,0.000000e+00,0.000000e+00,4
1509,1065.700434,0.000000e+00,0.000000e+00,4
1510,1066.405888,0.000000e+00,0.000000e+00,4
1511,1067.111362,0.000000e+00,0.000000e+00,0
1512,1067.816820,0.000000e+00,0.000000e+00,0
1513,1068.522255,0.000000e+00,0.000000e+00,0
1514,1069.227716,0.000000e+00,0.000000e+00,0
1515,1069.933116,0.000000e+00,0.000000e+00,0
1516,1070.638546,0.000000e+00,0.000000e+00,4
1517,1071.343933,0.000000e+00,0.000000e+00,4
1518,1072.049379,0.000000e+00,0.000000e+00,4
1519,1072.754860,0.000000e+00,0.000000e+00,4
1520,1073.460333,0.000000e+00,0.000000e+00,4
1521,1074.165835,0.000000e+00,0.000000e+00,4
1522,1074.871323,0.000000e+00,0.000000e+00,4
1523,1075.576810,0.000000e+00,0.000000e+00,4
1524,1076.282296,0.000000e+00,0.000000e+00,4
1525,1076.987716,0.000000e+00,0.000000e+00,0
1526,1077.693161,0.000000e+00,0.000000e+00,0
1527,1078.398610,0.000000e+00,0.000000e+00,0
1528,1079.104100,0.000000e+00,0.000000e+00,0
1529,1079.809579,0.000000e+00,0.000000e+00,0
1530,1080.515088,0.000000e+00,0.000000e+00,0
1531,1081.220643,0.000000e+00,0.000000e+00,4
1532,1081.926156,0.000000e+00,0.000000e+00,4
1533,1082.631852,0.000000e+00,0.000000e+00,4
1534,1083.337430,0.000000e+00,0.000000e+00,4
1535,1084.042947,0.000000e+00,0.000000e+00,4
1536,1084.748444,0.000000e+00,0.000000e+00,4
1537,1085.453964,0.000000e+00,0.000000e+00,4
1538,1086.159873,0.000000e+00,0.000000e+00,4
1539,1086.865064,0.000000e+00,0.000000e+00,4
1540,1087.570528,0.000000e+00,0.000000e+00,0
1541,1088.275988,0.000000e+00,0.000000e+00,0
1542,1088.981502,0.000000e+00,0.000000e+00,0
1543,1089.686990,0.000000e+00,0.000000e+00,0
1544,1090.392482,0.000000e+00,0.000000e+00,0
1545,1091.097984,0.000000e+00,0.000000e+00,4
1546,1091.803755,0.000000e+00,0.000000e+00,4
1547,1092.509266,0.000000e+00,0.000000e+00,4
1548,1093.214745,0.000000e+00,0.000000e+00,4
1549,1093.920251,0.000000e+00,0.000000e+00,4
1550,1094.625722,0.000000e+00,0.000000e+00,4
1551,1095.331198,0.000000e+00,0.000000e+00,4
1552,1096.036655,0.000000e+00,0.000000e+00,4
1553,1096.742107,0.000000e+00,0.000000e+00,4
1554,1097.447568,0.000000e+00,0.000000e+00,0
1555,1098.152967,0.000000e+00,0.000000e+00,0
1556,1098.858421,0.000000e+00,0.000000e+00,0
1557,1099.563888,0.000000e+00,0.000000e+00,0
1558,1100.269341,0.000000e+00,0.000000e+00,0
1559,1100.974841,0.000000e+00,0.000000e+00,4
1560,1101.680331,0.000000e+00,0.000000e+00,4
1561,1102.385783,0.000000e+00,0.000000e+00,4
1562,1103.091407,0.000000e+00,0.000000e+00,4
1563,1103.796847,0.000000e+00,0.000000e+00,4
1564,1104.502291,0.000000e+00,0.000000e+00,4
1565,1105.207803,0.000000e+00,0.000000e+00,4
1566,1105.913250,0.000000e+00,0.000000e+00,4
1567,1106.618680,0.000000e+00,0.000000e+00,4
1568,1107.324098,0.000000e+00,0.000000e+00,0
1569,1108.029492,0.000000e+00,0.000000e+00,0
1570,1108.734942,0.000000e+00,0.000000e+00,0
1571,1109.440343,0.000000e+00,0.000000e+00,0
1572,1110.145809,0.000000e+00,0.000000e+00,0
1573,1110.851255,0.000000e+00,0.000000e+00,4
1574,1111.556662,0.000000e+00,0.000000e+00,4
1575,1112.262091,0.000000e+00,0.000000e+00,4
1576,1112.967566,0.000000e+00,0.000000e+00,4
1577,1113.673010,0.000000e+00,0.000000e+00,4
1578,1114.378453,0.000000e+00,0.000000e+00,4
1579,1115.083903,0.000000e+00,0.000000e+00,4
1580,1115.789329,0.000000e+00,0.000000e+00,4
1581,1116.494901,0.000000e+00,0.000000e+00,4
1582,1117.200552,0.000000e+00,0.000000e+00,0
1583,1117.906068,0.000000e+00,0.000000e+00,0
1584,1118.611538,0.000000e+00,0.000000e+00,0
1585,1119.316979,0.000000e+00,0.000000e+00,0
1586,1120.022401,0.000000e+00,0.000000e+00,0
1587,1120.727799,0.000000e+00,0.000000e+00,4
1588,1121.433228,0.000000e+00,0.000000e+00,4
1589,1122.138666,0.000000e+00,0.000000e+00,4
1590,1122.844129,0.000000e+00,0.000000e+00,4
1591,1123.549576,0.000000e+00,0.000000e+00,4
1592,1124.255032,0.000000e+00,0.000000e+00,4
1593,1124.960702,0.000000e+00,0.000000e+00,4
1594,1125.666008,0.000000e+00,0.000000e+00,4
1595,1126.371421,0.000000e+00,0.000000e+00,4
1596,1127.076843,0.000000e+00,0.000000e+00,0
1597,1127.782265,0.000000e+00,0.000000e+00,0
1598,1128.505143,0.000000e+00,0.000000e+00,0
1599,1129.193181,0.000000e+00,0.000000e+00,0
1600,1129.898660,0.000000e+00,0.000000e+00,0
1601,1130.604168,0.000000e+00,0.000000e+00,4
1602,1131.309633,0.000000e+00,0.000000e+00,4
1603,1132.015057,0.000000e+00,0.000000e+00,4
1604,1132.720447,0.000000e+00,0.000000e+00,4
1605,1133.425845,0.000000e+00,0.000000e+00,4
1606,1134.131246,0.000000e+00,0.000000e+00,4
1607,1134.836659,0.000000e+00,0.000000e+00,4
1608,1135.542095,0.000000e+00,0.000000e+00,4
1609,1136.247469,0.000000e+00,0.000000e+00,4
1610,1136.952863,0.000000e+00,0.000000e+00,0
1611,1137.658242,0.000000e+00,0.000000e+00,0
1612,1138.363792,0.000000e+00,0.000000e+00,0
1613,1139.068987,0.000000e+00,0.000000e+00,0
1614,1139.774402,0.000000e+00,0.000000e+00,0
1615,1140.479876,0.000000e+00,0.000000e+00,0
1616,1141.185355,0.000000e+00,0.000000e+00,4
1617,1141.890876,0.000000e+00,0.000000e+00,4
1618,1142.596316,0.000000e+00,0.000000e+00,4
1619,1143.301769,0.000000e+00,0.000000e+00,4
1620,1144.007181,0.000000e+00,0.000000e+00,4
1621,1144.712533,0.000000e+00,0.000000e+00,4
1622,1145.417912,0.000000e+00,0.000000e+00,4
1623,1146.123293,0.000000e+00,0.000000e+00,4
1624,1146.828614,0.000000e+00,0.000000e+00,4
1625,1147.533902,0.000000e+00,0.000000e+00,0
1626,1148.239258,0.000000e+00,0.000000e+00,0
1627,1148.944591,0.000000e+00,0.000000e+00,0
1628,1149.649982,0.000000e+00,0.000000e+00,0
1629,1150.355306,0.000000e+00,0.000000e+00,0
1630,1151.060633,0.000000e+00,0.000000e+00,4
1631,1151.766189,0.000000e+00,0.000000e+00,4
1632,1152.471777,0.000000e+00,0.000000e+00,4
1633,1153.177428,0.000000e+00,0.000000e+00,4
1634,1153.882912,0.000000e+00,0.000000e+00,4
1635,1154.588347,0.000000e+00,0.000000e+00,4
1636,1155.293845,0.000000e+00,0.000000e+00,4
1637,1155.999292,0.000000e+00,0.000000e+00,4
1638,1156.704734,0.000000e+00,0.000000e+00,4
1639,1157.410229,0.000000e+00,0.000000e+00,0
1640,1158.115695,0.000000e+00,0.000000e+00,0
1641,1158.821129,0.000000e+00,0.000000e+00,0
1642,1159.526601,0.000000e+00,0.000000e+00,0
1643,1160.232007,0.000000e+00,0.000000e+00,0
1644,1160.937475,0.000000e+00,0.000000e+00,4
1645,1161.642944,0.000000e+00,0.000000e+00,4
1646,1162.348430,0.000000e+00,0.000000e+00,4
1647,1163.053904,0.000000e+00,0.000000e+00,4
1648,1163.759400,0.000000e+00,0.000000e+00,4
1649,1164.464890,0.000000e+00,0.000000e+00,4
1650,1165.170382,0.000000e+00,0.000000e+00,4
1651,1165.875843,0.000000e+00,0.000000e+00,4
1652,1166.581226,0.000000e+00,0.000000e+00,4
1653,1167.286639,0.000000e+00,0.000000e+00,0
1654,1167.992076,0.000000e+00,0.000000e+00,0
1655,1168.697453,0.000000e+00,0.000000e+00,0
1656,1169.402896,0.000000e+00,0.000000e+00,0
1657,1170.108372,0.000000e+00,0.000000e+00,0
1658,1170.813835,0.000000e+00,0.000000e+00,4
1659,1171.519297,0.000000e+00,0.000000e+00,4
1660,1172.224759,0.000000e+00,0.000000e+00,4
1661,1172.930238,0.000000e+00,0.000000e+00,4
1662,1173.635762,0.000000e+00,0.000000e+00,4
1663,1174.341244,0.000000e+00,0.000000e+00,4
1664,1175.046721,0.000000e+00,0.000000e+00,4
1665,1175.752227,0.000000e+00,0.000000e+00,4
1666,1176.457782,0.000000e+00,0.000000e+00,4
1667,1177.163117,0.000000e+00,0.000000e+00,0
1668,1177.868557,0.000000e+00,0.000000e+00,0
1669,1178.573964,0.000000e+00,0.000000e+00,0
1670,1179.279395,0.000000e+00,0.000000e+00,0
1671,1179.984880,0.000000e+00,0.000000e+00,0
1672,1180.690364,0.000000e+00,0.000000e+00,4
1673,1181.395830,0.000000e+00,0.000000e+00,4
1674,1182.101290,0.000000e+00,0.000000e+00,4
1675,1182.806760,0.000000e+00,0.000000e+00,4
1676,1183.512279,0.000000e+00,0.000000e+00,4
1677,1184.217748,0.000000e+00,0.000000e+00,4
1678,1184.923255,0.000000e+00,0.000000e+00,4
1679,1185.628732,0.000000e+00,0.000000e+00,4
1680,1186.334213,0.000000e+00,0.000000e+00,4
1681,1187.039696,0.000000e+00,0.000000e+00,0
1682,1187.745151,0.000000e+00,0.000000e+00,0
1683,1188.450600,0.000000e+00,0.000000e+00,0
1684,1189.156031,0.000000e+00,0.000000e+00,0
1685,1189.861522,0.000000e+00,0.000000e+00,0
1686,1190.567045,0.000000e+00,0.000000e+00,0
1687,1191.272534,0.000000e+00,0.000000e+00,4
1688,1191.978037,0.000000e+00,0.000000e+00,4
1689,1192.683526,0.000000e+00,0.000000e+00,4
1690,1193.389070,0.000000e+00,0.000000e+00,4
1691,1194.094514,0.000000e+00,0.000000e+00,4
1692,1194.799994,0.000000e+00,0.000000e+00,4
1693,1195.505442,0.000000e+00,0.000000e+00,4
1694,1196.210881,0.000000e+00,0.000000e+00,4
1695,1196.916294,0.000000e+00,0.000000e+00,0
1696,1197.621715,0.000000e+00,0.000000e+00,0
1697,1198.327136,0.000000e+00,0.000000e+00,0
1698,1199.032570,0.000000e+00,0.000000e+00,0
1699,1199.737983,0.000000e+00,0.000000e+00,0
